{
    "baseline": 62.5,
    "2": {
        "neg": [
            0.0,
            -1.0,
            -0.5,
            -1.0,
            0.0,
            1.0,
            -0.5,
            -5.000000000000007,
            -0.5,
            -0.5,
            -0.5,
            -2.0,
            -2.0,
            -1.5,
            0.0,
            0.0
        ],
        "pos": [
            -0.5,
            0.0,
            -0.5,
            -1.5,
            -1.0,
            0.0,
            -1.0,
            3.0,
            -1.0,
            0.0,
            0.0,
            0.5,
            0.5,
            -1.0,
            0.0,
            -1.0
        ]
    },
    "4": {
        "neg": [
            -0.5,
            0.5,
            -0.5,
            -1.0,
            0.0,
            0.5,
            0.5,
            -5.000000000000007,
            -0.5,
            0.0,
            -0.5,
            -0.5,
            -1.5,
            -1.5,
            -1.0,
            0.0
        ],
        "pos": [
            -1.0,
            -1.5,
            -1.0,
            -1.0,
            -1.5,
            -2.0,
            -1.5,
            3.0,
            0.0,
            0.5,
            0.5,
            1.5,
            0.5,
            -0.5,
            0.0,
            -1.0
        ]
    },
    "6": {
        "neg": [
            -0.5,
            0.0,
            0.5,
            0.0,
            -1.5,
            0.5,
            0.5,
            -4.500000000000007,
            -0.5,
            0.0,
            0.5,
            -2.0,
            -1.0,
            0.0,
            0.0,
            0.0
        ],
        "pos": [
            0.5,
            0.5,
            0.0,
            -0.5,
            -0.5,
            -2.0,
            -0.5,
            2.5,
            -0.5,
            0.5,
            -1.0,
            1.5,
            0.5,
            -1.0,
            0.5,
            -1.0
        ]
    },
    "8": {
        "neg": [
            0.0,
            -0.5,
            0.5,
            -0.5,
            -0.5,
            0.0,
            -0.5,
            -4.0,
            0.5,
            0.5,
            -0.5,
            -2.5,
            -1.0,
            0.0,
            -0.5,
            0.0
        ],
        "pos": [
            0.0,
            0.5,
            0.0,
            0.0,
            -0.5,
            -1.0,
            -0.5,
            2.5,
            -1.0,
            -0.5,
            -0.5,
            0.5,
            0.0,
            -1.0,
            0.5,
            -0.5
        ]
    },
    "10": {
        "neg": [
            -0.5,
            0.0,
            0.0,
            1.0,
            -1.5,
            0.5,
            -0.5,
            -4.500000000000007,
            0.5,
            0.0,
            1.0,
            -1.5,
            0.0,
            -1.0,
            0.5,
            0.0
        ],
        "pos": [
            1.0,
            0.0,
            -0.5,
            -1.0,
            0.0,
            -1.5,
            0.0,
            2.5,
            -0.5,
            0.0,
            0.5,
            0.0,
            -0.5,
            -1.0,
            -0.5,
            -0.5
        ]
    }
}