{
    "baseline": 80.5,
    "2": {
        "neg": [
            0.5,
            0.0,
            0.5,
            -1.0,
            -2.5,
            -6.0,
            -6.0,
            -5.0,
            -7.0,
            -8.0,
            -4.0,
            -3.0,
            -15.5,
            -24.499999999999993,
            -12.5,
            -10.0,
            -11.5,
            -22.0,
            -24.999999999999993,
            -20.0,
            -18.5,
            -12.0,
            -12.0,
            -11.0,
            -11.5,
            -11.0,
            -8.5,
            -8.0,
            -7.5,
            -6.0,
            -3.5,
            -3.0,
            -6.0,
            -7.0,
            -7.5,
            -6.0,
            -7.5,
            -7.5,
            3.0,
            2.5
        ],
        "pos": [
            0.5,
            0.5,
            0.5,
            0.0,
            0.5,
            0.5,
            3.5,
            0.0,
            -1.5,
            -1.0,
            4.0,
            -5.5,
            5.5,
            16.5,
            19.5,
            16.5,
            7.0,
            13.0,
            15.0,
            12.5,
            13.0,
            8.0,
            11.0,
            13.0,
            14.0,
            13.5,
            10.0,
            12.5,
            12.5,
            12.0,
            9.0,
            7.0,
            5.5,
            5.0,
            1.5,
            2.5,
            5.0,
            5.0,
            -1.5,
            -2.0
        ]
    },
    "4": {
        "neg": [
            0.5,
            0.0,
            0.5,
            -1.0,
            -2.5,
            -6.0,
            -6.0,
            -5.0,
            -7.0,
            -8.0,
            -4.0,
            -3.0,
            -15.5,
            -24.499999999999993,
            -12.5,
            -10.0,
            -11.5,
            -22.0,
            -24.999999999999993,
            -20.0,
            -18.5,
            -12.0,
            -12.0,
            -11.0,
            -11.5,
            -11.0,
            -8.5,
            -8.0,
            -7.5,
            -6.0,
            -3.5,
            -3.0,
            -6.0,
            -7.0,
            -7.5,
            -6.0,
            -7.5,
            -7.5,
            3.0,
            2.5
        ],
        "pos": [
            0.5,
            0.5,
            0.5,
            0.0,
            0.5,
            0.5,
            3.5,
            0.0,
            -1.5,
            -1.0,
            4.0,
            -5.5,
            5.5,
            16.5,
            19.5,
            16.5,
            7.0,
            13.0,
            15.0,
            12.5,
            13.0,
            8.0,
            11.0,
            13.0,
            14.0,
            13.5,
            10.0,
            12.5,
            12.5,
            12.0,
            9.0,
            7.0,
            5.5,
            5.0,
            1.5,
            2.5,
            5.0,
            5.0,
            -1.5,
            -2.0
        ]
    },
    "6": {
        "neg": [
            0.5,
            0.0,
            0.5,
            -1.0,
            -2.5,
            -6.0,
            -6.0,
            -5.0,
            -7.0,
            -8.0,
            -4.0,
            -3.0,
            -15.5,
            -24.499999999999993,
            -12.5,
            -10.0,
            -11.5,
            -22.0,
            -24.999999999999993,
            -20.0,
            -18.5,
            -12.0,
            -12.0,
            -11.0,
            -11.5,
            -11.0,
            -8.5,
            -8.0,
            -7.5,
            -6.0,
            -3.5,
            -3.0,
            -6.0,
            -7.0,
            -7.5,
            -6.0,
            -7.5,
            -7.5,
            3.0,
            2.5
        ],
        "pos": [
            0.5,
            0.5,
            0.5,
            0.0,
            0.5,
            0.5,
            3.5,
            0.0,
            -1.5,
            -1.0,
            4.0,
            -5.5,
            5.5,
            16.5,
            19.5,
            16.5,
            7.0,
            13.0,
            15.0,
            12.5,
            13.0,
            8.0,
            11.0,
            13.0,
            14.0,
            13.5,
            10.0,
            12.5,
            12.5,
            12.0,
            9.0,
            7.0,
            5.5,
            5.0,
            1.5,
            2.5,
            5.0,
            5.0,
            -1.5,
            -2.0
        ]
    },
    "8": {
        "neg": [
            0.5,
            0.0,
            0.5,
            -1.0,
            -2.5,
            -6.0,
            -6.0,
            -5.0,
            -7.0,
            -8.0,
            -4.0,
            -3.0,
            -15.5,
            -24.499999999999993,
            -12.5,
            -10.0,
            -11.5,
            -22.0,
            -24.999999999999993,
            -20.0,
            -18.5,
            -12.0,
            -12.0,
            -11.0,
            -11.5,
            -11.0,
            -8.5,
            -8.0,
            -7.5,
            -6.0,
            -3.5,
            -3.0,
            -6.0,
            -7.0,
            -7.5,
            -6.0,
            -7.5,
            -7.5,
            3.0,
            2.5
        ],
        "pos": [
            0.5,
            0.5,
            0.5,
            0.0,
            0.5,
            0.5,
            3.5,
            0.0,
            -1.5,
            -1.0,
            4.0,
            -5.5,
            5.5,
            16.5,
            19.5,
            16.5,
            7.0,
            13.0,
            15.0,
            12.5,
            13.0,
            8.0,
            11.0,
            13.0,
            14.0,
            13.5,
            10.0,
            12.5,
            12.5,
            12.0,
            9.0,
            7.0,
            5.5,
            5.0,
            1.5,
            2.5,
            5.0,
            5.0,
            -1.5,
            -2.0
        ]
    },
    "10": {
        "neg": [
            0.5,
            0.0,
            0.5,
            -1.0,
            -2.5,
            -6.0,
            -6.0,
            -5.0,
            -7.0,
            -8.0,
            -4.0,
            -3.0,
            -15.5,
            -24.499999999999993,
            -12.5,
            -10.0,
            -11.5,
            -22.0,
            -24.999999999999993,
            -20.0,
            -18.5,
            -12.0,
            -12.0,
            -11.0,
            -11.5,
            -11.0,
            -8.5,
            -8.0,
            -7.5,
            -6.0,
            -3.5,
            -3.0,
            -6.0,
            -7.0,
            -7.5,
            -6.0,
            -7.5,
            -7.5,
            3.0,
            2.5
        ],
        "pos": [
            0.5,
            0.5,
            0.5,
            0.0,
            0.5,
            0.5,
            3.5,
            0.0,
            -1.5,
            -1.0,
            4.0,
            -5.5,
            5.5,
            16.5,
            19.5,
            16.5,
            7.0,
            13.0,
            15.0,
            12.5,
            13.0,
            8.0,
            11.0,
            13.0,
            14.0,
            13.5,
            10.0,
            12.5,
            12.5,
            12.0,
            9.0,
            7.0,
            5.5,
            5.0,
            1.5,
            2.5,
            5.0,
            5.0,
            -1.5,
            -2.0
        ]
    }
}