{
    "baseline": 54.0,
    "2": {
        "neg": [
            0.0,
            0.5000000000000071,
            0.5000000000000071,
            0.5000000000000071,
            0.5000000000000071,
            0.0,
            0.5000000000000071,
            0.5000000000000071,
            0.5000000000000071,
            0.5000000000000071,
            0.5000000000000071,
            0.5000000000000071,
            0.5000000000000071,
            0.0,
            -0.5,
            0.0,
            0.0,
            0.0,
            0.0,
            0.0,
            0.0,
            0.0,
            0.0,
            0.0,
            0.0,
            0.0,
            0.0,
            0.0,
            0.0,
            0.0,
            0.0,
            0.0,
            0.0,
            0.0,
            0.0,
            0.5000000000000071,
            0.0,
            0.0,
            0.5000000000000071,
            0.0
        ],
        "pos": [
            0.5000000000000071,
            0.5000000000000071,
            0.5000000000000071,
            0.5000000000000071,
            0.0,
            0.5000000000000071,
            0.5000000000000071,
            0.0,
            0.5000000000000071,
            0.5000000000000071,
            0.5000000000000071,
            0.5000000000000071,
            0.5000000000000071,
            1.500000000000007,
            2.999999999999993,
            0.5000000000000071,
            0.5000000000000071,
            0.5000000000000071,
            0.5000000000000071,
            0.5000000000000071,
            0.5000000000000071,
            0.5000000000000071,
            0.5000000000000071,
            0.5000000000000071,
            0.5000000000000071,
            0.5000000000000071,
            0.5000000000000071,
            0.5000000000000071,
            0.5000000000000071,
            0.5000000000000071,
            0.5000000000000071,
            0.5000000000000071,
            0.5000000000000071,
            0.5000000000000071,
            0.0,
            0.0,
            0.0,
            0.0,
            0.0,
            0.0
        ]
    },
    "4": {
        "neg": [
            0.0,
            0.5000000000000071,
            0.5000000000000071,
            0.0,
            0.5000000000000071,
            0.0,
            0.5000000000000071,
            0.5000000000000071,
            0.5000000000000071,
            0.5000000000000071,
            0.5000000000000071,
            0.5000000000000071,
            0.5000000000000071,
            0.0,
            -0.5,
            -0.5,
            0.0,
            0.0,
            0.0,
            0.0,
            0.0,
            0.0,
            0.0,
            0.0,
            0.0,
            0.0,
            0.0,
            0.0,
            0.0,
            0.0,
            0.0,
            0.0,
            0.0,
            0.0,
            0.0,
            0.0,
            0.0,
            0.0,
            0.5000000000000071,
            0.0
        ],
        "pos": [
            0.0,
            0.0,
            0.5000000000000071,
            0.5000000000000071,
            0.5000000000000071,
            0.5000000000000071,
            0.5000000000000071,
            0.5000000000000071,
            0.5000000000000071,
            0.0,
            0.5000000000000071,
            0.5000000000000071,
            0.5000000000000071,
            1.500000000000007,
            3.499999999999993,
            0.5000000000000071,
            0.5000000000000071,
            0.5000000000000071,
            0.5000000000000071,
            0.5000000000000071,
            0.5000000000000071,
            0.5000000000000071,
            0.5000000000000071,
            0.5000000000000071,
            0.5000000000000071,
            0.5000000000000071,
            0.0,
            0.5000000000000071,
            0.5000000000000071,
            0.5000000000000071,
            0.5000000000000071,
            0.5000000000000071,
            0.5000000000000071,
            0.0,
            0.5000000000000071,
            0.5000000000000071,
            0.0,
            0.0,
            0.0,
            0.0
        ]
    },
    "6": {
        "neg": [
            0.5000000000000071,
            0.5000000000000071,
            0.5000000000000071,
            0.0,
            0.5000000000000071,
            0.0,
            0.5000000000000071,
            0.5000000000000071,
            0.0,
            0.5000000000000071,
            0.5000000000000071,
            0.0,
            0.5000000000000071,
            0.0,
            -0.5,
            0.0,
            0.0,
            0.0,
            0.0,
            0.0,
            0.0,
            0.0,
            0.0,
            0.0,
            0.0,
            0.0,
            0.0,
            0.0,
            0.0,
            0.0,
            0.0,
            0.0,
            0.0,
            0.0,
            0.0,
            0.0,
            0.0,
            0.0,
            0.5000000000000071,
            0.0
        ],
        "pos": [
            0.0,
            0.5000000000000071,
            0.0,
            0.5000000000000071,
            0.5000000000000071,
            0.5000000000000071,
            0.5000000000000071,
            0.5000000000000071,
            0.5000000000000071,
            0.0,
            0.5000000000000071,
            0.0,
            0.5000000000000071,
            1.000000000000007,
            2.999999999999993,
            0.5000000000000071,
            0.5000000000000071,
            0.5000000000000071,
            0.5000000000000071,
            0.5000000000000071,
            0.5000000000000071,
            0.5000000000000071,
            0.5000000000000071,
            0.5000000000000071,
            0.5000000000000071,
            0.5000000000000071,
            0.5000000000000071,
            0.5000000000000071,
            0.5000000000000071,
            0.5000000000000071,
            0.5000000000000071,
            0.5000000000000071,
            0.5000000000000071,
            0.0,
            0.5000000000000071,
            0.5000000000000071,
            0.0,
            0.5000000000000071,
            0.0,
            0.0
        ]
    },
    "8": {
        "neg": [
            0.5000000000000071,
            0.5000000000000071,
            0.5000000000000071,
            0.5000000000000071,
            0.5000000000000071,
            0.5000000000000071,
            0.0,
            0.5000000000000071,
            0.0,
            0.5000000000000071,
            0.5000000000000071,
            0.5000000000000071,
            0.5000000000000071,
            0.0,
            -0.5,
            0.0,
            0.0,
            0.0,
            0.0,
            0.0,
            0.0,
            0.0,
            0.0,
            0.0,
            0.0,
            0.0,
            0.0,
            0.0,
            0.0,
            0.0,
            0.0,
            0.0,
            0.0,
            0.0,
            0.0,
            0.0,
            0.0,
            0.0,
            0.5000000000000071,
            0.0
        ],