{
    "baseline": 58.5,
    "2": {
        "neg": [
            0.0,
            0.0,
            0.0,
            0.0,
            0.0,
            -3.499999999999993,
            -14.5,
            -42.5,
            -5.5,
            -1.000000000000007,
            -1.500000000000007,
            -3.499999999999993,
            -0.5000000000000071,
            0.0,
            0.0,
            0.0
        ],
        "pos": [
            0.0,
            0.0,
            0.0,
            0.0,
            0.0,
            1.5,
            11.0,
            23.5,
            6.5,
            2.5,
            1.5,
            3.5,
            -0.5000000000000071,
            0.5,
            0.0,
            0.0
        ]
    },
    "4": {
        "neg": [
            0.0,
            0.0,
            0.0,
            0.0,
            0.0,
            -3.499999999999993,
            -14.0,
            -41.5,
            -5.5,
            -1.000000000000007,
            -1.500000000000007,
            -1.500000000000007,
            -1.000000000000007,
            0.5,
            0.0,
            0.0
        ],
        "pos": [
            0.0,
            0.0,
            0.0,
            0.0,
            0.0,
            1.5,
            11.0,
            24.0,
            6.5,
            1.0,
            1.5,
            1.5,
            0.0,
            0.0,
            0.5,
            -0.5000000000000071
        ]
    },
    "6": {
        "neg": [
            0.0,
            0.0,
            0.0,
            0.0,
            -0.5000000000000071,
            -2.999999999999993,
            -15.0,
            -42.0,
            -5.5,
            -1.500000000000007,
            -1.500000000000007,
            -2.999999999999993,
            -1.000000000000007,
            0.0,
            0.0,
            0.0
        ],
        "pos": [
            0.0,
            0.0,
            0.0,
            0.0,
            0.0,
            1.5,
            11.0,
            23.5,
            6.0,
            2.5,
            2.0,
            3.5,
            0.0,
            0.0,
            0.0,
            -0.5000000000000071
        ]
    },
    "8": {
        "neg": [
            0.0,
            0.0,
            0.0,
            0.0,
            0.0,
            -2.999999999999993,
            -14.5,
            -41.5,
            -6.0,
            -1.000000000000007,
            -1.500000000000007,
            -1.500000000000007,
            -1.500000000000007,
            0.0,
            0.0,
            0.0
        ],
        "pos": [
            0.0,
            0.0,
            0.0,
            0.0,
            0.5,
            1.5,
            11.0,
            23.5,
            6.0,
            1.5,
            1.5,
            3.0,
            0.0,
            0.0,
            0.5,
            -0.5000000000000071
        ]
    },
    "10": {
        "neg": [
            0.0,
            0.0,
            0.0,
            0.0,
            0.0,
            -3.999999999999993,
            -14.5,
            -42.0,
            -6.0,
            -1.000000000000007,
            -1.500000000000007,
            -2.000000000000007,
            -0.5000000000000071,
            0.5,
            0.0,
            0.0
        ],
        "pos": [
            0.0,
            0.0,
            0.0,
            0.0,
            0.0,
            1.5,
            11.0,
            24.5,
            6.5,
            1.5,
            1.0,
            3.0,
            0.0,
            0.0,
            0.5,
            0.0
        ]
    }
}