{
    "baseline": 54.0,
    "2": {
        "neg": [
            0.0,
            0.5000000000000071,
            0.5000000000000071,
            -0.5,
            0.0,
            0.0,
            0.5000000000000071,
            0.0,
            -1.0,
            -0.5,
            5.0,
            -1.5,
            -0.5,
            -2.0,
            -2.0,
            0.0,
            1.000000000000007,
            3.999999999999993,
            2.999999999999993,
            3.999999999999993,
            3.499999999999993,
            3.499999999999993,
            1.500000000000007,
            2.000000000000007,
            2.000000000000007,
            2.000000000000007,
            0.5000000000000071,
            1.000000000000007,
            2.000000000000007,
            1.500000000000007,
            1.500000000000007,
            2.000000000000007,
            2.000000000000007,
            2.000000000000007,
            0.5000000000000071,
            0.5000000000000071,
            0.0,
            0.5000000000000071,
            0.0,
            0.0
        ],
        "pos": [
            0.5000000000000071,
            0.0,
            0.0,
            0.5000000000000071,
            -0.5,
            0.0,
            0.0,
            0.0,
            -0.5,
            0.5000000000000071,
            -0.5,
            -0.5,
            -3.0,
            -2.5,
            -0.5,
            5.5,
            -0.5,
            0.0,
            -0.5,
            -1.0,
            -1.0,
            -1.0,
            0.0,
            0.5000000000000071,
            0.5000000000000071,
            1.000000000000007,
            1.500000000000007,
            1.500000000000007,
            1.500000000000007,
            1.500000000000007,
            1.000000000000007,
            0.0,
            0.0,
            0.0,
            -0.5,
            -0.5,
            0.5000000000000071,
            0.5000000000000071,
            0.0,
            0.5000000000000071
        ]
    },
    "4": {
        "neg": [
            0.0,
            0.5000000000000071,
            0.5000000000000071,
            -0.5,
            0.0,
            0.0,
            0.5000000000000071,
            0.0,
            -1.0,
            -0.5,
            5.0,
            -1.5,
            -0.5,
            -2.0,
            -2.0,
            0.0,
            1.000000000000007,
            3.999999999999993,
            2.999999999999993,
            3.999999999999993,
            3.499999999999993,
            3.499999999999993,
            1.500000000000007,
            2.000000000000007,
            2.000000000000007,
            2.000000000000007,
            0.5000000000000071,
            1.000000000000007,
            2.000000000000007,
            1.500000000000007,
            1.500000000000007,
            2.000000000000007,
            2.000000000000007,
            2.000000000000007,
            0.5000000000000071,
            0.5000000000000071,
            0.0,
            0.5000000000000071,
            0.0,
            0.0
        ],
        "pos": [
            0.5000000000000071,
            0.0,
            0.0,
            0.5000000000000071,
            -0.5,
            0.0,
            0.0,
            0.0,
            -0.5,
            0.5000000000000071,
            -0.5,
            -0.5,
            -3.0,
            -2.5,
            -0.5,
            5.5,
            -0.5,
            0.0,
            -0.5,
            -1.0,
            -1.0,
            -1.0,
            0.0,
            0.5000000000000071,
            0.5000000000000071,
            1.000000000000007,
            1.500000000000007,
            1.500000000000007,
            1.500000000000007,
            1.500000000000007,
            1.000000000000007,
            0.0,
            0.0,
            0.0,
            -0.5,
            -0.5,
            0.5000000000000071,
            0.5000000000000071,
            0.0,
            0.5000000000000071
        ]
    },
    "6": {
        "neg": [
            0.0,
            0.5000000000000071,
            0.5000000000000071,
            -0.5,
            0.0,
            0.0,
            0.5000000000000071,
            0.0,
            -1.0,
            -0.5,
            5.0,
            -1.5,
            -0.5,
            -2.0,
            -2.0,
            0.0,
            1.000000000000007,
            3.999999999999993,
            2.999999999999993,
            3.999999999999993,
            3.499999999999993,
            3.499999999999993,
            1.500000000000007,
            2.000000000000007,
            2.000000000000007,
            2.000000000000007,
            0.5000000000000071,
            1.000000000000007,
            2.000000000000007,
            1.500000000000007,
            1.500000000000007,
            2.000000000000007,
            2.000000000000007,
            2.000000000000007,
            0.5000000000000071,
            0.5000000000000071,
            0.0,
            0.5000000000000071,
            0.0,
            0.0
        ],
        "pos": [
            0.5000000000000071,
            0.0,
            0.0,
            0.5000000000000071,
            -0.5,
            0.0,
            0.0,
            0.0,
            -0.5,
            0.5000000000000071,
            -0.5,
            -0.5,
            -3.0,
            -2.5,
            -0.5,
            5.5,
            -0.5,
            0.0,
            -0.5,
            -1.0,
            -1.0,
            -1.0,
            0.0,
            0.5000000000000071,
            0.5000000000000071,
            1.000000000000007,
            1.500000000000007,
            1.500000000000007,
            1.500000000000007,
            1.500000000000007,
            1.000000000000007,
            0.0,
            0.0,
            0.0,
            -0.5,
            -0.5,
            0.5000000000000071,
            0.5000000000000071,
            0.0,
            0.5000000000000071
        ]
    },
    "8": {
        "neg": [
            0.0,
            0.5000000000000071,
            0.5000000000000071,
            -0.5,
            0.0,
            0.0,
            0.5000000000000071,
            0.0,
            -1.0,
            -0.5,
            5.0,
            -1.5,
            -0.5,
            -2.0,
            -2.0,
            0.0,
            1.000000000000007,
            3.999999999999993,
            2.999999999999993,
            3.999999999999993,
            3.499999999999993,
            3.499999999999993,
            1.500000000000007,
            2.000000000000007,
            2.000000000000007,
            2.000000000000007,
            0.5000000000000071,
            1.000000000000007,
            2.000000000000007,
            1.500000000000007,
            1.500000000000007,
            2.000000000000007,
            2.000000000000007,
            2.000000000000007,
            0.5000000000000071,
            0.5000000000000071,
            0.0,
            0.5000000000000071,
            0.0,
            0.0
        ],