{
    "baseline": 58.5,
    "2": {
        "neg": [
            -0.5000000000000071,
            -0.5000000000000071,
            -0.5000000000000071,
            -0.5000000000000071,
            -0.5000000000000071,
            -0.5000000000000071,
            -0.5000000000000071,
            -0.5000000000000071,
            -0.5000000000000071,
            -1.500000000000007,
            -2.499999999999993,
            -3.499999999999993,
            -4.5,
            -7.0,
            -12.0,
            -6.0,
            -11.5,
            -6.5,
            -5.5,
            -1.500000000000007,
            -2.000000000000007,
            -1.500000000000007,
            -1.500000000000007,
            -2.000000000000007,
            -2.000000000000007,
            -2.000000000000007,
            -1.500000000000007,
            -1.500000000000007,
            -0.5000000000000071,
            -1.000000000000007,
            -1.000000000000007,
            -1.000000000000007,
            -1.500000000000007,
            -1.000000000000007,
            -0.5000000000000071,
            -1.000000000000007,
            -0.5000000000000071,
            -0.5000000000000071,
            0.0,
            0.0
        ],
        "pos": [
            -0.5000000000000071,
            -0.5000000000000071,
            -0.5000000000000071,
            0.0,
            -0.5000000000000071,
            -0.5000000000000071,
            0.0,
            0.0,
            0.0,
            1.0,
            1.5,
            2.0,
            3.5,
            5.0,
            8.0,
            5.5,
            7.0,
            6.0,
            6.0,
            2.0,
            2.0,
            1.5,
            2.0,
            1.5,
            2.0,
            2.0,
            1.5,
            1.5,
            1.0,
            0.5,
            0.5,
            1.0,
            0.5,
            1.0,
            1.0,
            0.5,
            0.5,
            0.0,
            0.0,
            0.0
        ]
    },
    "4": {
        "neg": [
            -0.5000000000000071,
            0.0,
            -0.5000000000000071,
            -0.5000000000000071,
            -0.5000000000000071,
            0.0,
            -0.5000000000000071,
            -0.5000000000000071,
            -0.5000000000000071,
            -1.000000000000007,
            -2.000000000000007,
            -3.499999999999993,
            -3.999999999999993,
            -7.5,
            -12.0,
            -6.5,
            -11.0,
            -6.0,
            -5.5,
            -2.999999999999993,
            -2.499999999999993,
            -1.500000000000007,
            -2.000000000000007,
            -2.000000000000007,
            -2.000000000000007,
            -2.000000000000007,
            -1.000000000000007,
            -1.000000000000007,
            -1.000000000000007,
            -0.5000000000000071,
            0.0,
            -1.000000000000007,
            -1.000000000000007,
            -1.000000000000007,
            -0.5000000000000071,
            -1.000000000000007,
            -1.000000000000007,
            -1.000000000000007,
            -0.5000000000000071,
            0.0
        ],
        "pos": [
            -0.5000000000000071,
            -0.5000000000000071,
            -0.5000000000000071,
            0.0,
            -0.5000000000000071,
            0.0,
            0.0,
            0.0,
            1.0,
            1.0,
            1.5,
            2.0,
            3.5,
            5.0,
            8.0,
            6.0,
            7.0,
            6.0,
            6.0,
            2.5,
            1.5,
            1.5,
            1.5,
            2.0,
            2.0,
            2.0,
            1.5,
            1.5,
            1.5,
            1.5,
            1.0,
            1.0,
            0.5,
            1.0,
            0.5,
            1.0,
            0.5,
            1.0,
            0.5,
            0.0
        ]
    },
    "6": {
        "neg": [
            -0.5000000000000071,
            -0.5000000000000071,
            -0.5000000000000071,
            -0.5000000000000071,
            -0.5000000000000071,
            -0.5000000000000071,
            -0.5000000000000071,
            -0.5000000000000071,
            -0.5000000000000071,
            -1.000000000000007,
            -2.499999999999993,
            -3.499999999999993,
            -4.5,
            -7.5,
            -12.0,
            -6.5,
            -11.0,
            -6.5,
            -5.5,
            -1.500000000000007,
            -2.000000000000007,
            -1.500000000000007,
            -1.500000000000007,
            -2.000000000000007,
            -2.000000000000007,
            -2.000000000000007,
            -1.000000000000007,
            -0.5000000000000071,
            -0.5000000000000071,
            -1.000000000000007,
            -1.000000000000007,
            -1.000000000000007,
            -0.5000000000000071,
            -1.000000000000007,
            -0.5000000000000071,
            -0.5000000000000071,
            -0.5000000000000071,
            0.0,
            0.0,
            0.5
        ],
        "pos": [
            0.0,
            0.0,
            -0.5000000000000071,
            -0.5000000000000071,
            -0.5000000000000071,
            -0.5000000000000071,
            0.0,
            0.0,
            1.5,
            1.0,
            1.5,
            2.5,
            3.5,
            4.5,
            8.0,
            5.5,
            7.0,
            6.0,
            6.5,
            2.5,
            2.0,
            1.5,
            2.0,
            2.0,
            2.0,
            2.0,
            1.0,
            1.5,
            1.5,
            1.0,
            1.0,
            1.5,
            1.5,
            1.5,
            1.0,
            1.0,
            0.0,
            0.0,
            0.0,
            0.0
        ]
    },
    "8": {
        "neg": [
            -0.5000000000000071,
            -0.5000000000000071,
            -0.5000000000000071,
            -0.5000000000000071,
            -0.5000000000000071,
            0.0,
            -0.5000000000000071,
            -0.5000000000000071,
            -0.5000000000000071,
            -1.000000000000007,
            -2.499999999999993,
            -3.499999999999993,
            -4.5,
            -7.5,
            -12.0,
            -6.5,
            -11.0,
            -5.0,
            -5.5,
            -2.000000000000007,
            -2.000000000000007,
            -1.500000000000007,
            -2.000000000000007,
            -2.000000000000007,
            -2.000000000000007,
            -1.500000000000007,
            -1.000000000000007,
            -1.500000000000007,
            -1.000000000000007,
            -1.000000000000007,
            -0.5000000000000071,
            -1.000000000000007,
            -1.000000000000007,
            -1.000000000000007,
            -0.5000000000000071,
            -0.5000000000000071,
            0.0,
            -1.000000000000007,
            0.0,
            -0.5000000000000071
        ],
        "pos": [
            -0.5000000000000071,
            -0.5000000000000071,
            -0.5000000000000071,
            0.0,
            -0.5000000000000071,
            -0.5000000000000071,
            0.0,
            0.0,
            1.0,
            1.0,
            1.5,
            2.0,
            3.5,
            5.0,
            8.0,
            6.0,
            7.0,
            6.0,
            5.5,
            1.5,
            2.0,
            1.5,
            2.0,
            1.5,
            2.0,
            2.0,
            1.5,
            1.5,
            1.0,
            1.0,
            1.0,
            1.0,
            1.0,
            1.0,
            1.0,
            1.0,
            1.0,
            1.0,
            0.0,
            0.0
        ]
    },