{
    "baseline": 60.0,
    "2": {
        "neg": [
            -0.5,
            -0.5,
            -0.5,
            -0.5,
            -0.5,
            -0.5,
            -0.5,
            -0.5,
            -0.5,
            -0.5,
            -1.0,
            -1.0,
            -0.5,
            -3.500000000000007,
            -6.0,
            -0.5,
            -2.000000000000007,
            -2.500000000000007,
            -1.5,
            -1.5,
            -1.5,
            -1.5,
            -1.5,
            -1.5,
            -1.5,
            -1.0,
            -1.0,
            -1.5,
            -1.5,
            -1.0,
            -1.5,
            -1.0,
            -1.5,
            -1.0,
            -1.0,
            -1.0,
            -1.0,
            -1.0,
            -1.0,
            -1.5
        ],
        "pos": [
            0.0,
            -0.5,
            -0.5,
            -0.5,
            -0.5,
            0.0,
            -0.5,
            -0.5,
            -0.5,
            0.0,
            0.5,
            1.5,
            0.0,
            3.5,
            6.0,
            1.0,
            3.5,
            4.0,
            3.5,
            3.5,
            3.5,
            4.0,
            4.0,
            4.0,
            4.0,
            4.0,
            3.5,
            3.5,
            3.0,
            3.5,
            4.0,
            4.0,
            4.0,
            3.5,
            2.5,
            2.5,
            1.5,
            2.5,
            2.0,
            4.0
        ]
    },
    "4": {
        "neg": [
            -0.5,
            -0.5,
            -0.5,
            -0.5,
            -0.5,
            -0.5,
            -0.5,
            -0.5,
            -0.5,
            -0.5,
            -1.0,
            -1.0,
            -0.5,
            -2.500000000000007,
            -6.0,
            -0.5,
            -1.5,
            -2.500000000000007,
            -1.5,
            -1.5,
            -1.5,
            -1.5,
            -1.5,
            -1.5,
            -1.0,
            -1.5,
            -1.0,
            -1.5,
            -1.0,
            -1.0,
            -1.0,
            -1.5,
            -1.5,
            -1.5,
            -1.0,
            -1.0,
            -1.0,
            -1.0,
            -1.0,
            -1.5
        ],
        "pos": [
            -0.5,
            -0.5,
            -0.5,
            -0.5,
            -0.5,
            -0.5,
            -0.5,
            -0.5,
            0.0,
            0.0,
            -0.5,
            0.0,
            -0.5,
            3.0,
            5.5,
            0.5,
            3.5,
            3.5,
            3.5,
            4.0,
            3.5,
            4.0,
            4.0,
            4.0,
            4.0,
            3.0,
            3.0,
            3.5,
            2.0,
            3.5,
            3.5,
            3.5,
            4.0,
            3.5,
            2.5,
            2.0,
            1.5,
            2.0,
            2.5,
            4.0
        ]
    },
    "6": {
        "neg": [
            -0.5,
            -0.5,
            -0.5,
            -0.5,
            -0.5,
            -0.5,
            -0.5,
            -0.5,
            -0.5,
            -0.5,
            -1.0,
            -1.0,
            -1.0,
            -2.500000000000007,
            -5.499999999999993,
            -0.5,
            -1.5,
            -2.000000000000007,
            -1.5,
            -1.5,
            -1.5,
            -1.5,
            -1.5,
            -1.5,
            -1.5,
            -1.0,
            -1.5,
            -1.0,
            -1.5,
            -1.0,
            -1.5,
            -1.5,
            -1.5,
            -1.5,
            -1.0,
            -1.5,
            -1.0,
            -1.0,
            -1.5,
            -1.5
        ],
        "pos": [
            -0.5,
            -0.5,
            -0.5,
            -0.5,
            -0.5,
            -0.5,
            -0.5,
            -0.5,
            -0.5,
            0.5,
            -0.5,
            0.5,
            -0.5,
            3.0,
            5.5,
            0.5,
            4.0,
            3.5,
            3.5,
            4.0,
            3.5,
            4.0,
            4.0,
            3.5,
            4.0,
            3.5,
            2.5,
            3.5,
            3.0,
            3.0,
            3.5,
            3.5,
            3.5,
            3.5,
            2.5,
            2.0,
            1.5,
            3.0,
            2.0,
            4.0
        ]
    },
    "8": {
        "neg": [
            -0.5,
            -0.5,
            -0.5,
            -0.5,
            -0.5,
            -0.5,
            -0.5,
            -0.5,
            -0.5,
            -0.5,
            -1.0,
            -1.0,
            -1.0,
            -2.000000000000007,
            -4.499999999999993,
            -0.5,
            -1.5,
            -2.000000000000007,
            -1.5,
            -1.5,
            -1.5,
            -1.5,
            -1.5,
            -1.5,
            -1.5,
            -1.0,
            -1.0,
            -1.0,
            -1.0,
            -1.0,
            -1.0,
            -1.0,
            -1.0,
            -1.0,
            -1.5,
            -1.0,
            -1.0,
            -1.0,
            -1.0,
            -1.5
        ],
        "pos": [
            -0.5,
            -0.5,
            -0.5,
            -0.5,
            -0.5,
            0.0,
            -0.5,
            -0.5,
            -0.5,
            -0.5,
            0.5,
            -0.5,
            -0.5,
            3.0,
            5.5,
            0.0,
            4.0,
            4.0,
            4.0,
            4.0,
            3.5,
            3.5,
            3.5,
            3.5,
            3.5,
            3.0,
            2.5,
            3.0,
            2.5,
            3.5,
            3.5,
            3.5,
            3.5,
            3.0,
            3.0,
            2.5,
            1.0,
            2.0,
            2.0,
            4.0
        ]
    },
    "10": {
        "neg": [
            -0.5,
            -0.5,
            -0.5,
            -0.5,
            -0.5,
            -0.5,
            -0.5,
            -0.5,
            -0.5,
            -1.0,
            -0.5,
            -0.5,
            -0.5,
            -2.000000000000007,
            -3.999999999999993,
            -0.5,
            -1.5,
            -2.000000000000007,
            -1.5,
            -1.5,
            -1.5,
            -1.5,
            -1.0,
            -1.0,
            -1.5,
            -1.0,
            -1.0,
            -1.0,
            -1.0,
            -1.0,
            -1.0,
            -1.0,
            -1.0,
            -1.0,
            -1.0,
            -1.0,
            -1.0,
            -1.0,
            -1.0,
            -1.5
        ],
        "pos": [
            -0.5,
            -0.5,
            0.0,
            0.0,
            -0.5,
            -0.5,
            0.0,
            -0.5,
            0.0,
            0.0,
            0.5,
            1.0,
            -0.5,
            3.5,
            5.5,
            0.0,
            3.5,
            4.0,
            4.0,
            4.0,
            2.5,
            3.5,
            3.5,
            3.0,
            3.5,
            3.0,
            2.5,
            2.0,
            2.5,
            2.5,
            3.0,
            3.5,
            3.0,
            2.5,
            2.5,
            2.5,
            1.0,
            1.5,
            1.5,
            3.5
        ]
    }
}