{
    "baseline": 95.0,
    "2": {
        "neg": [
            0.0,
            0.0,
            -0.5,
            -8.0,
            -11.5,
            -37.50000000000001,
            1.0,
            0.0,
            -0.5,
            -6.0,
            -2.5,
            0.5,
            0.0,
            2.0,
            0.5,
            1.0
        ],
        "pos": [
            -0.5,
            0.0,
            0.0,
            0.0,
            -5.0,
            1.5,
            1.0,
            4.5,
            3.0,
            -53.5,
            2.0,
            2.0,
            -1.0,
            -3.5,
            -0.5,
            -3.0
        ]
    },
    "4": {
        "neg": [
            0.0,
            0.0,
            -0.5,
            -8.0,
            -11.5,
            -37.50000000000001,
            1.0,
            0.0,
            -0.5,
            -6.0,
            -2.5,
            0.5,
            0.0,
            2.0,
            0.5,
            1.0
        ],
        "pos": [
            -0.5,
            0.0,
            0.0,
            0.0,
            -5.0,
            1.5,
            1.0,
            4.5,
            3.0,
            -53.5,
            2.0,
            2.0,
            -1.0,
            -3.5,
            -0.5,
            -3.0
        ]
    },
    "6": {
        "neg": [
            0.0,
            0.0,
            -0.5,
            -8.0,
            -11.5,
            -37.50000000000001,
            1.0,
            0.0,
            -0.5,
            -6.0,
            -2.5,
            0.5,
            0.0,
            2.0,
            0.5,
            1.0
        ],
        "pos": [
            -0.5,
            0.0,
            0.0,
            0.0,
            -5.0,
            1.5,
            1.0,
            4.5,
            3.0,
            -53.5,
            2.0,
            2.0,
            -1.0,
            -3.5,
            -0.5,
            -3.0
        ]
    },
    "8": {
        "neg": [
            0.0,
            0.0,
            -0.5,
            -8.0,
            -11.5,
            -37.50000000000001,
            1.0,
            0.0,
            -0.5,
            -6.0,
            -2.5,
            0.5,
            0.0,
            2.0,
            0.5,
            1.0
        ],
        "pos": [
            -0.5,
            0.0,
            0.0,
            0.0,
            -5.0,
            1.5,
            1.0,
            4.5,
            3.0,
            -53.5,
            2.0,
            2.0,
            -1.0,
            -3.5,
            -0.5,
            -3.0
        ]
    },
    "10": {
        "neg": [
            0.0,
            0.0,
            -0.5,
            -8.0,
            -11.5,
            -37.50000000000001,
            1.0,
            0.0,
            -0.5,
            -6.0,
            -2.5,
            0.5,
            0.0,
            2.0,
            0.5,
            1.0
        ],
        "pos": [
            -0.5,
            0.0,
            0.0,
            0.0,
            -5.0,
            1.5,
            1.0,
            4.5,
            3.0,
            -53.5,
            2.0,
            2.0,
            -1.0,
            -3.5,
            -0.5,
            -3.0
        ]
    }
}