{
    "baseline": 61.5,
    "2": {
        "neg": [
            0.0,
            0.0,
            -0.5,
            2.0,
            -9.5,
            -2.0,
            -3.500000000000007,
            -8.0,
            -1.5,
            -1.5,
            -2.0,
            -2.0,
            -1.0,
            0.0,
            -0.5,
            -4.000000000000007
        ],
        "pos": [
            0.5,
            0.0,
            1.5,
            0.5,
            -2.0,
            -17.0,
            1.0,
            -4.500000000000007,
            -3.0,
            -2.0,
            -2.0,
            -3.0,
            1.0,
            -3.0,
            1.0,
            -11.0
        ]
    },
    "4": {
        "neg": [
            0.0,
            0.0,
            -0.5,
            2.0,
            -9.5,
            -2.0,
            -3.500000000000007,
            -8.0,
            -1.5,
            -1.5,
            -2.0,
            -2.0,
            -1.0,
            0.0,
            -0.5,
            -4.000000000000007
        ],
        "pos": [
            0.5,
            0.0,
            1.5,
            0.5,
            -2.0,
            -17.0,
            1.0,
            -4.500000000000007,
            -3.0,
            -2.0,
            -2.0,
            -3.0,
            1.0,
            -3.0,
            1.0,
            -11.0
        ]
    },
    "6": {
        "neg": [
            0.0,
            0.0,
            -0.5,
            2.0,
            -9.5,
            -2.0,
            -3.500000000000007,
            -8.0,
            -1.5,
            -1.5,
            -2.0,
            -2.0,
            -1.0,
            0.0,
            -0.5,
            -4.000000000000007
        ],
        "pos": [
            0.5,
            0.0,
            1.5,
            0.5,
            -2.0,
            -17.0,
            1.0,
            -4.500000000000007,
            -3.0,
            -2.0,
            -2.0,
            -3.0,
            1.0,
            -3.0,
            1.0,
            -11.0
        ]
    },
    "8": {
        "neg": [
            0.0,
            0.0,
            -0.5,
            2.0,
            -9.5,
            -2.0,
            -3.500000000000007,
            -8.0,
            -1.5,
            -1.5,
            -2.0,
            -2.0,
            -1.0,
            0.0,
            -0.5,
            -4.000000000000007
        ],
        "pos": [
            0.5,
            0.0,
            1.5,
            0.5,
            -2.0,
            -17.0,
            1.0,
            -4.500000000000007,
            -3.0,
            -2.0,
            -2.0,
            -3.0,
            1.0,
            -3.0,
            1.0,
            -11.0
        ]
    },
    "10": {
        "neg": [
            0.0,
            0.0,
            -0.5,
            2.0,
            -9.5,
            -2.0,
            -3.500000000000007,
            -8.0,
            -1.5,
            -1.5,
            -2.0,
            -2.0,
            -1.0,
            0.0,
            -0.5,
            -4.000000000000007
        ],
        "pos": [
            0.5,
            0.0,
            1.5,
            0.5,
            -2.0,
            -17.0,
            1.0,
            -4.500000000000007,
            -3.0,
            -2.0,
            -2.0,
            -3.0,
            1.0,
            -3.0,
            1.0,
            -11.0
        ]
    }
}