{
    "baseline": 62.5,
    "2": {
        "neg": [
            0.0,
            -0.5,
            -6.000000000000007,
            -5.000000000000007,
            -7.499999999999993,
            -9.0,
            -9.5,
            5.5,
            7.0,
            8.0,
            4.5,
            3.0,
            0.5,
            -5.000000000000007,
            -5.000000000000007,
            -5.000000000000007
        ],
        "pos": [
            -1.0,
            1.5,
            -1.5,
            -5.000000000000007,
            -11.5,
            -12.0,
            -2.5,
            -6.499999999999993,
            -8.5,
            -7.999999999999993,
            -5.000000000000007,
            1.0,
            1.5,
            2.0,
            1.5,
            2.5
        ]
    },
    "4": {
        "neg": [
            0.0,
            -0.5,
            -6.000000000000007,
            -5.000000000000007,
            -7.499999999999993,
            -9.0,
            -9.5,
            5.5,
            7.0,
            8.0,
            4.5,
            3.0,
            0.5,
            -5.000000000000007,
            -5.000000000000007,
            -5.000000000000007
        ],
        "pos": [
            -1.0,
            1.5,
            -1.5,
            -5.000000000000007,
            -11.5,
            -12.0,
            -2.5,
            -6.499999999999993,
            -8.5,
            -7.999999999999993,
            -5.000000000000007,
            1.0,
            1.5,
            2.0,
            1.5,
            2.5
        ]
    },
    "6": {
        "neg": [
            0.0,
            -0.5,
            -6.000000000000007,
            -5.000000000000007,
            -7.499999999999993,
            -9.0,
            -9.5,
            5.5,
            7.0,
            8.0,
            4.5,
            3.0,
            0.5,
            -5.000000000000007,
            -5.000000000000007,
            -5.000000000000007
        ],
        "pos": [
            -1.0,
            1.5,
            -1.5,
            -5.000000000000007,
            -11.5,
            -12.0,
            -2.5,
            -6.499999999999993,
            -8.5,
            -7.999999999999993,
            -5.000000000000007,
            1.0,
            1.5,
            2.0,
            1.5,
            2.5
        ]
    },
    "8": {
        "neg": [
            0.0,
            -0.5,
            -6.000000000000007,
            -5.000000000000007,
            -7.499999999999993,
            -9.0,
            -9.5,
            5.5,
            7.0,
            8.0,
            4.5,
            3.0,
            0.5,
            -5.000000000000007,
            -5.000000000000007,
            -5.000000000000007
        ],
        "pos": [
            -1.0,
            1.5,
            -1.5,
            -5.000000000000007,
            -11.5,
            -12.0,
            -2.5,
            -6.499999999999993,
            -8.5,
            -7.999999999999993,
            -5.000000000000007,
            1.0,
            1.5,
            2.0,
            1.5,
            2.5
        ]
    },
    "10": {
        "neg": [
            0.0,
            -0.5,
            -6.000000000000007,
            -5.000000000000007,
            -7.499999999999993,
            -9.0,
            -9.5,
            5.5,
            7.0,
            8.0,
            4.5,
            3.0,
            0.5,
            -5.000000000000007,
            -5.000000000000007,
            -5.000000000000007
        ],
        "pos": [
            -1.0,
            1.5,
            -1.5,
            -5.000000000000007,
            -11.5,
            -12.0,
            -2.5,
            -6.499999999999993,
            -8.5,
            -7.999999999999993,
            -5.000000000000007,
            1.0,
            1.5,
            2.0,
            1.5,
            2.5
        ]
    }
}