{
    "baseline": 75.5,
    "2": {
        "neg": [
            -1.0,
            -0.5,
            1.5,
            -1.0,
            -20.499999999999993,
            -23.5,
            -8.0,
            -12.5,
            -13.5,
            -17.0,
            -12.5,
            4.5,
            2.0,
            1.5,
            4.5,
            -11.5
        ],
        "pos": [
            -0.5,
            0.5,
            -3.0,
            -1.5,
            -7.0,
            4.0,
            -4.5,
            10.0,
            8.5,
            5.5,
            5.0,
            -2.5,
            -16.0,
            -11.0,
            -14.5,
            -25.5
        ]
    },
    "4": {
        "neg": [
            -1.0,
            -0.5,
            1.5,
            -1.0,
            -20.499999999999993,
            -23.5,
            -8.0,
            -12.5,
            -13.5,
            -17.0,
            -12.5,
            4.5,
            2.0,
            1.5,
            4.5,
            -11.5
        ],
        "pos": [
            -0.5,
            0.5,
            -3.0,
            -1.5,
            -7.0,
            4.0,
            -4.5,
            10.0,
            8.5,
            5.5,
            5.0,
            -2.5,
            -16.0,
            -11.0,
            -14.5,
            -25.5
        ]
    },
    "6": {
        "neg": [
            -1.0,
            -0.5,
            1.5,
            -1.0,
            -20.499999999999993,
            -23.5,
            -8.0,
            -12.5,
            -13.5,
            -17.0,
            -12.5,
            4.5,
            2.0,
            1.5,
            4.5,
            -11.5
        ],
        "pos": [
            -0.5,
            0.5,
            -3.0,
            -1.5,
            -7.0,
            4.0,
            -4.5,
            10.0,
            8.5,
            5.5,
            5.0,
            -2.5,
            -16.0,
            -11.0,
            -14.5,
            -25.5
        ]
    },
    "8": {
        "neg": [
            -1.0,
            -0.5,
            1.5,
            -1.0,
            -20.499999999999993,
            -23.5,
            -8.0,
            -12.5,
            -13.5,
            -17.0,
            -12.5,
            4.5,
            2.0,
            1.5,
            4.5,
            -11.5
        ],
        "pos": [
            -0.5,
            0.5,
            -3.0,
            -1.5,
            -7.0,
            4.0,
            -4.5,
            10.0,
            8.5,
            5.5,
            5.0,
            -2.5,
            -16.0,
            -11.0,
            -14.5,
            -25.5
        ]
    },
    "10": {
        "neg": [
            -1.0,
            -0.5,
            1.5,
            -1.0,
            -20.499999999999993,
            -23.5,
            -8.0,
            -12.5,
            -13.5,
            -17.0,
            -12.5,
            4.5,
            2.0,
            1.5,
            4.5,
            -11.5
        ],
        "pos": [
            -0.5,
            0.5,
            -3.0,
            -1.5,
            -7.0,
            4.0,
            -4.5,
            10.0,
            8.5,
            5.5,
            5.0,
            -2.5,
            -16.0,
            -11.0,
            -14.5,
            -25.5
        ]
    }
}