{
    "baseline": 96.0,
    "2": {
        "neg": [
            -0.5,
            -1.0,
            0.0,
            -0.5,
            1.0,
            0.5,
            1.0,
            0.5,
            1.0,
            -0.5,
            0.0,
            -1.5,
            1.5,
            -0.5,
            -5.0,
            -12.0,
            -20.0,
            -73.0,
            -85.5,
            -62.5,
            -39.50000000000001,
            -58.0,
            -85.5,
            -73.5,
            -63.0,
            -58.0,
            -46.5,
            -73.5,
            -71.0,
            -93.5,
            -94.5,
            -94.0,
            -95.0,
            -91.5,
            -88.5,
            -70.0,
            -55.5,
            -72.0,
            -31.0,
            -20.0
        ],
        "pos": [
            -40.99999999999999,
            -19.0,
            -4.5,
            1.5,
            1.5,
            1.0,
            -0.5,
            0.0,
            -0.5,
            -4.0,
            -19.5,
            -5.0,
            -4.0,
            -67.0,
            -57.5,
            -11.5,
            -63.5,
            -3.0,
            -2.0,
            1.0,
            1.5,
            1.5,
            1.5,
            0.0,
            1.5,
            2.0,
            1.0,
            0.5,
            1.0,
            0.5,
            1.0,
            1.0,
            0.5,
            1.0,
            1.0,
            0.5,
            1.0,
            0.5,
            0.0,
            -0.5
        ]
    },
    "4": {
        "neg": [
            -0.5,
            -1.0,
            0.0,
            -0.5,
            1.0,
            0.5,
            1.0,
            0.5,
            1.0,
            -0.5,
            0.0,
            -1.5,
            1.5,
            -0.5,
            -5.0,
            -12.0,
            -20.0,
            -73.0,
            -85.5,
            -62.5,
            -39.50000000000001,
            -58.0,
            -85.5,
            -73.5,
            -63.0,
            -58.0,
            -46.5,
            -73.5,
            -71.0,
            -93.5,
            -94.5,
            -94.0,
            -95.0,
            -91.5,
            -88.5,
            -70.0,
            -55.5,
            -72.0,
            -31.0,
            -20.0
        ],
        "pos": [
            -40.99999999999999,
            -19.0,
            -4.5,
            1.5,
            1.5,
            1.0,
            -0.5,
            0.0,
            -0.5,
            -4.0,
            -19.5,
            -5.0,
            -4.0,
            -67.0,
            -57.5,
            -11.5,
            -63.5,
            -3.0,
            -2.0,
            1.0,
            1.5,
            1.5,
            1.5,
            0.0,
            1.5,
            2.0,
            1.0,
            0.5,
            1.0,
            0.5,
            1.0,
            1.0,
            0.5,
            1.0,
            1.0,
            0.5,
            1.0,
            0.5,
            0.0,
            -0.5
        ]
    },
    "6": {
        "neg": [
            -0.5,
            -1.0,
            0.0,
            -0.5,
            1.0,
            0.5,
            1.0,
            0.5,
            1.0,
            -0.5,
            0.0,
            -1.5,
            1.5,
            -0.5,
            -5.0,
            -12.0,
            -20.0,
            -73.0,
            -85.5,
            -62.5,
            -39.50000000000001,
            -58.0,
            -85.5,
            -73.5,
            -63.0,
            -58.0,
            -46.5,
            -73.5,
            -71.0,
            -93.5,
            -94.5,
            -94.0,
            -95.0,
            -91.5,
            -88.5,
            -70.0,
            -55.5,
            -72.0,
            -31.0,
            -20.0
        ],
        "pos": [
            -40.99999999999999,
            -19.0,
            -4.5,
            1.5,
            1.5,
            1.0,
            -0.5,
            0.0,
            -0.5,
            -4.0,
            -19.5,
            -5.0,
            -4.0,
            -67.0,
            -57.5,
            -11.5,
            -63.5,
            -3.0,
            -2.0,
            1.0,
            1.5,
            1.5,
            1.5,
            0.0,
            1.5,
            2.0,
            1.0,
            0.5,
            1.0,
            0.5,
            1.0,
            1.0,
            0.5,
            1.0,
            1.0,
            0.5,
            1.0,
            0.5,
            0.0,
            -0.5
        ]
    },
    "8": {
        "neg": [
            -0.5,
            -1.0,
            0.0,
            -0.5,
            1.0,
            0.5,
            1.0,
            0.5,
            1.0,
            -0.5,
            0.0,
            -1.5,
            1.5,
            -0.5,
            -5.0,
            -12.0,
            -20.0,
            -73.0,
            -85.5,
            -62.5,
            -39.50000000000001,
            -58.0,
            -85.5,
            -73.5,
            -63.0,
            -58.0,
            -46.5,
            -73.5,
            -71.0,
            -93.5,
            -94.5,
            -94.0,
            -95.0,
            -91.5,
            -88.5,
            -70.0,
            -55.5,
            -72.0,
            -31.0,
            -20.0
        ],
        "pos": [
            -40.99999999999999,
            -19.0,
            -4.5,
            1.5,
            1.5,
            1.0,
            -0.5,
            0.0,
            -0.5,
            -4.0,
            -19.5,
            -5.0,
            -4.0,
            -67.0,
            -57.5,
            -11.5,
            -63.5,
            -3.0,
            -2.0,
            1.0,
            1.5,
            1.5,
            1.5,
            0.0,
            1.5,
            2.0,
            1.0,
            0.5,
            1.0,
            0.5,
            1.0,
            1.0,
            0.5,
            1.0,
            1.0,
            0.5,
            1.0,
            0.5,
            0.0,
            -0.5
        ]
    },
    "10": {
        "neg": [
            -0.5,
            -1.0,
            0.0,
            -0.5,
            1.0,
            0.5,
            1.0,
            0.5,
            1.0,
            -0.5,
            0.0,
            -1.5,
            1.5,
            -0.5,
            -5.0,
            -12.0,
            -20.0,
            -73.0,
            -85.5,
            -62.5,
            -39.50000000000001,
            -58.0,
            -85.5,
            -73.5,
            -63.0,
            -58.0,
            -46.5,
            -73.5,
            -71.0,
            -93.5,
            -94.5,
            -94.0,
            -95.0,
            -91.5,
            -88.5,
            -70.0,
            -55.5,
            -72.0,
            -31.0,
            -20.0
        ],
        "pos": [
            -40.99999999999999,
            -19.0,
            -4.5,
            1.5,
            1.5,
            1.0,
            -0.5,
            0.0,
            -0.5,
            -4.0,
            -19.5,
            -5.0,
            -4.0,
            -67.0,
            -57.5,
            -11.5,
            -63.5,
            -3.0,
            -2.0,
            1.0,
            1.5,
            1.5,
            1.5,
            0.0,
            1.5,
            2.0,
            1.0,
            0.5,
            1.0,
            0.5,
            1.0,
            1.0,
            0.5,
            1.0,
            1.0,
            0.5,
            1.0,
            0.5,
            0.0,
            -0.5
        ]
    }
}