{
    "baseline": 58.5,
    "2": {
        "neg": [
            0.0,
            0.0,
            -0.5000000000000071,
            0.0,
            5.5,
            -11.5,
            -28.0,
            1.0,
            -0.5000000000000071,
            -0.5000000000000071,
            0.0,
            -0.5000000000000071,
            0.0,
            0.0,
            0.5,
            0.0
        ],
        "pos": [
            0.0,
            -0.5000000000000071,
            0.5,
            -0.5000000000000071,
            3.0,
            12.0,
            1.5,
            6.0,
            -1.500000000000007,
            -1.000000000000007,
            -2.000000000000007,
            -2.000000000000007,
            -2.000000000000007,
            -1.500000000000007,
            -1.000000000000007,
            0.0
        ]
    },
    "4": {
        "neg": [
            0.0,
            0.0,
            -0.5000000000000071,
            0.0,
            5.5,
            -11.5,
            -28.0,
            1.0,
            -0.5000000000000071,
            -0.5000000000000071,
            0.0,
            -0.5000000000000071,
            0.0,
            0.0,
            0.5,
            0.0
        ],
        "pos": [
            0.0,
            -0.5000000000000071,
            0.5,
            -0.5000000000000071,
            3.0,
            12.0,
            1.5,
            6.0,
            -1.500000000000007,
            -1.000000000000007,
            -2.000000000000007,
            -2.000000000000007,
            -2.000000000000007,
            -1.500000000000007,
            -1.000000000000007,
            0.0
        ]
    },
    "6": {
        "neg": [
            0.0,
            0.0,
            -0.5000000000000071,
            0.0,
            5.5,
            -11.5,
            -28.0,
            1.0,
            -0.5000000000000071,
            -0.5000000000000071,
            0.0,
            -0.5000000000000071,
            0.0,
            0.0,
            0.5,
            0.0
        ],
        "pos": [
            0.0,
            -0.5000000000000071,
            0.5,
            -0.5000000000000071,
            3.0,
            12.0,
            1.5,
            6.0,
            -1.500000000000007,
            -1.000000000000007,
            -2.000000000000007,
            -2.000000000000007,
            -2.000000000000007,
            -1.500000000000007,
            -1.000000000000007,
            0.0
        ]
    },
    "8": {
        "neg": [
            0.0,
            0.0,
            -0.5000000000000071,
            0.0,
            5.5,
            -11.5,
            -28.0,
            1.0,
            -0.5000000000000071,
            -0.5000000000000071,
            0.0,
            -0.5000000000000071,
            0.0,
            0.0,
            0.5,
            0.0
        ],
        "pos": [
            0.0,
            -0.5000000000000071,
            0.5,
            -0.5000000000000071,
            3.0,
            12.0,
            1.5,
            6.0,
            -1.500000000000007,
            -1.000000000000007,
            -2.000000000000007,
            -2.000000000000007,
            -2.000000000000007,
            -1.500000000000007,
            -1.000000000000007,
            0.0
        ]
    },
    "10": {
        "neg": [
            0.0,
            0.0,
            -0.5000000000000071,
            0.0,
            5.5,
            -11.5,
            -28.0,
            1.0,
            -0.5000000000000071,
            -0.5000000000000071,
            0.0,
            -0.5000000000000071,
            0.0,
            0.0,
            0.5,
            0.0
        ],
        "pos": [
            0.0,
            -0.5000000000000071,
            0.5,
            -0.5000000000000071,
            3.0,
            12.0,
            1.5,
            6.0,
            -1.500000000000007,
            -1.000000000000007,
            -2.000000000000007,
            -2.000000000000007,
            -2.000000000000007,
            -1.500000000000007,
            -1.000000000000007,
            0.0
        ]
    }
}