{
    "baseline": 64.0,
    "2": {
        "neg": [
            0.0,
            0.0,
            0.0,
            0.0,
            0.0,
            0.5,
            -6.000000000000007,
            -12.5,
            -2.0,
            0.0,
            0.0,
            0.5,
            0.5,
            0.0,
            0.5,
            0.5
        ],
        "pos": [
            0.0,
            0.0,
            0.0,
            0.0,
            0.0,
            -0.5,
            6.0,
            16.0,
            1.0,
            0.0,
            0.0,
            0.0,
            -1.0,
            -0.5,
            0.0,
            0.0
        ]
    },
    "4": {
        "neg": [
            0.0,
            0.0,
            0.0,
            0.0,
            0.0,
            0.0,
            -6.000000000000007,
            -13.5,
            -2.0,
            0.0,
            0.5,
            0.5,
            0.5,
            0.0,
            0.5,
            0.0
        ],
        "pos": [
            0.0,
            0.0,
            0.0,
            0.0,
            0.0,
            0.5,
            6.0,
            16.0,
            1.5,
            0.5,
            0.0,
            0.0,
            -0.5,
            0.5,
            0.5,
            0.0
        ]
    },
    "6": {
        "neg": [
            0.0,
            0.0,
            0.0,
            0.0,
            0.0,
            0.5,
            -6.000000000000007,
            -14.0,
            -1.5,
            0.0,
            0.5,
            0.5,
            0.5,
            0.0,
            0.5,
            0.0
        ],
        "pos": [
            0.0,
            0.0,
            0.0,
            0.0,
            0.0,
            0.5,
            6.0,
            16.0,
            2.0,
            0.0,
            0.0,
            0.0,
            -1.0,
            0.5,
            0.5,
            0.0
        ]
    },
    "8": {
        "neg": [
            0.0,
            0.0,
            0.0,
            0.0,
            0.0,
            0.5,
            -5.5,
            -14.0,
            -1.5,
            0.0,
            0.5,
            0.5,
            0.5,
            0.0,
            0.5,
            0.5
        ],
        "pos": [
            0.0,
            0.0,
            0.0,
            0.0,
            0.0,
            0.0,
            6.0,
            16.0,
            2.0,
            0.0,
            0.0,
            0.0,
            0.0,
            0.5,
            0.5,
            -0.5
        ]
    },
    "10": {
        "neg": [
            0.0,
            0.0,
            0.0,
            0.0,
            0.0,
            0.5,
            -5.0,
            -13.5,
            -2.0,
            0.0,
            0.5,
            0.5,
            0.5,
            0.0,
            0.5,
            0.5
        ],
        "pos": [
            0.5,
            0.0,
            0.0,
            0.0,
            0.0,
            0.5,
            6.0,
            16.0,
            2.5,
            0.0,
            0.0,
            0.0,
            0.5,
            0.5,
            0.5,
            0.0
        ]
    }
}