{
    "baseline": 58.5,
    "2": {
        "neg": [
            -0.5000000000000071,
            -0.5000000000000071,
            -1.000000000000007,
            0.0,
            -0.5000000000000071,
            1.5,
            -0.5000000000000071,
            0.0,
            0.0,
            -2.000000000000007,
            -2.999999999999993,
            -5.5,
            -10.5,
            -9.5,
            -12.0,
            -1.000000000000007,
            2.5,
            2.0,
            0.5,
            -1.000000000000007,
            0.0,
            0.0,
            0.5,
            0.5,
            0.5,
            0.5,
            0.0,
            1.0,
            1.0,
            1.0,
            1.0,
            0.0,
            0.0,
            0.0,
            -0.5000000000000071,
            -1.000000000000007,
            -0.5000000000000071,
            -1.000000000000007,
            0.0,
            0.5
        ],
        "pos": [
            -0.5000000000000071,
            0.5,
            0.5,
            0.0,
            -0.5000000000000071,
            0.5,
            -1.000000000000007,
            -2.999999999999993,
            -1.000000000000007,
            -0.5000000000000071,
            1.5,
            1.5,
            4.5,
            8.0,
            16.5,
            3.0,
            4.0,
            3.5,
            2.5,
            1.0,
            0.5,
            0.5,
            1.0,
            1.5,
            1.0,
            0.0,
            0.0,
            1.0,
            0.5,
            0.5,
            1.5,
            1.5,
            0.5,
            0.5,
            1.0,
            0.5,
            1.0,
            -0.5000000000000071,
            -0.5000000000000071,
            -1.500000000000007
        ]
    },
    "4": {
        "neg": [
            -0.5000000000000071,
            -0.5000000000000071,
            -1.000000000000007,
            0.0,
            -0.5000000000000071,
            1.5,
            -0.5000000000000071,
            0.0,
            0.0,
            -2.000000000000007,
            -2.999999999999993,
            -5.5,
            -10.5,
            -9.5,
            -12.0,
            -1.000000000000007,
            2.5,
            2.0,
            0.5,
            -1.000000000000007,
            0.0,
            0.0,
            0.5,
            0.5,
            0.5,
            0.5,
            0.0,
            1.0,
            1.0,
            1.0,
            1.0,
            0.0,
            0.0,
            0.0,
            -0.5000000000000071,
            -1.000000000000007,
            -0.5000000000000071,
            -1.000000000000007,
            0.0,
            0.5
        ],
        "pos": [
            -0.5000000000000071,
            0.5,
            0.5,
            0.0,
            -0.5000000000000071,
            0.5,
            -1.000000000000007,
            -2.999999999999993,
            -1.000000000000007,
            -0.5000000000000071,
            1.5,
            1.5,
            4.5,
            8.0,
            16.5,
            3.0,
            4.0,
            3.5,
            2.5,
            1.0,
            0.5,
            0.5,
            1.0,
            1.5,
            1.0,
            0.0,
            0.0,
            1.0,
            0.5,
            0.5,
            1.5,
            1.5,
            0.5,
            0.5,
            1.0,
            0.5,
            1.0,
            -0.5000000000000071,
            -0.5000000000000071,
            -1.500000000000007
        ]
    },
    "6": {
        "neg": [
            -0.5000000000000071,
            -0.5000000000000071,
            -1.000000000000007,
            0.0,
            -0.5000000000000071,
            1.5,
            -0.5000000000000071,
            0.0,
            0.0,
            -2.000000000000007,
            -2.999999999999993,
            -5.5,
            -10.5,
            -9.5,
            -12.0,
            -1.000000000000007,
            2.5,
            2.0,
            0.5,
            -1.000000000000007,
            0.0,
            0.0,
            0.5,
            0.5,
            0.5,
            0.5,
            0.0,
            1.0,
            1.0,
            1.0,
            1.0,
            0.0,
            0.0,
            0.0,
            -0.5000000000000071,
            -1.000000000000007,
            -0.5000000000000071,
            -1.000000000000007,
            0.0,
            0.5
        ],
        "pos": [
            -0.5000000000000071,
            0.5,
            0.5,
            0.0,
            -0.5000000000000071,
            0.5,
            -1.000000000000007,
            -2.999999999999993,
            -1.000000000000007,
            -0.5000000000000071,
            1.5,
            1.5,
            4.5,
            8.0,
            16.5,
            3.0,
            4.0,
            3.5,
            2.5,
            1.0,
            0.5,
            0.5,
            1.0,
            1.5,
            1.0,
            0.0,
            0.0,
            1.0,
            0.5,
            0.5,
            1.5,
            1.5,
            0.5,
            0.5,
            1.0,
            0.5,
            1.0,
            -0.5000000000000071,
            -0.5000000000000071,
            -1.500000000000007
        ]
    },
    "8": {
        "neg": [
            -0.5000000000000071,
            -0.5000000000000071,
            -1.000000000000007,
            0.0,
            -0.5000000000000071,
            1.5,
            -0.5000000000000071,
            0.0,
            0.0,
            -2.000000000000007,
            -2.999999999999993,
            -5.5,
            -10.5,
            -9.5,
            -12.0,
            -1.000000000000007,
            2.5,
            2.0,
            0.5,
            -1.000000000000007,
            0.0,
            0.0,
            0.5,
            0.5,
            0.5,
            0.5,
            0.0,
            1.0,
            1.0,
            1.0,
            1.0,
            0.0,
            0.0,
            0.0,
            -0.5000000000000071,
            -1.000000000000007,
            -0.5000000000000071,
            -1.000000000000007,
            0.0,
            0.5
        ],
        "pos": [
            -0.5000000000000071,
            0.5,
            0.5,
            0.0,
            -0.5000000000000071,
            0.5,
            -1.000000000000007,
            -2.999999999999993,
            -1.000000000000007,
            -0.5000000000000071,
            1.5,
            1.5,
            4.5,
            8.0,
            16.5,
            3.0,
            4.0,
            3.5,
            2.5,
            1.0,
            0.5,
            0.5,
            1.0,
            1.5,
            1.0,
            0.0,
            0.0,
            1.0,
            0.5,
            0.5,
            1.5,
            1.5,
            0.5,
            0.5,
            1.0,
            0.5,
            1.0,
            -0.5000000000000071,
            -0.5000000000000071,
            -1.500000000000007
        ]
    },