{
    "baseline": 60.0,
    "2": {
        "neg": [
            -0.5,
            0.0,
            -1.0,
            -0.5,
            0.0,
            2.0,
            4.5,
            3.5,
            5.0,
            -3.000000000000007,
            11.0,
            7.5,
            7.5,
            9.0,
            13.5,
            10.0,
            -1.5,
            0.0,
            0.0,
            -0.5,
            1.5,
            2.5,
            4.5,
            4.5,
            2.5,
            2.0,
            0.0,
            0.5,
            2.5,
            4.5,
            4.5,
            5.0,
            4.0,
            3.5,
            4.0,
            4.0,
            4.0,
            4.0,
            12.5,
            12.0
        ],
        "pos": [
            -0.5,
            -0.5,
            -0.5,
            -1.0,
            0.0,
            -1.5,
            -4.999999999999993,
            -6.0,
            -6.0,
            -0.5,
            5.5,
            -1.0,
            -7.0,
            -8.0,
            1.0,
            0.5,
            4.5,
            1.5,
            3.0,
            -1.5,
            -1.0,
            4.0,
            4.0,
            4.0,
            7.5,
            5.5,
            7.0,
            8.5,
            4.5,
            4.0,
            4.0,
            0.5,
            -1.0,
            -1.0,
            -1.0,
            -0.5,
            -1.0,
            3.0,
            -8.0,
            -8.0
        ]
    },
    "4": {
        "neg": [
            -0.5,
            0.0,
            -1.0,
            -0.5,
            0.0,
            2.0,
            4.5,
            3.5,
            5.0,
            -3.000000000000007,
            11.0,
            7.5,
            7.5,
            9.0,
            13.5,
            10.0,
            -1.5,
            0.0,
            0.0,
            -0.5,
            1.5,
            2.5,
            4.5,
            4.5,
            2.5,
            2.0,
            0.0,
            0.5,
            2.5,
            4.5,
            4.5,
            5.0,
            4.0,
            3.5,
            4.0,
            4.0,
            4.0,
            4.0,
            12.5,
            12.0
        ],
        "pos": [
            -0.5,
            -0.5,
            -0.5,
            -1.0,
            0.0,
            -1.5,
            -4.999999999999993,
            -6.0,
            -6.0,
            -0.5,
            5.5,
            -1.0,
            -7.0,
            -8.0,
            1.0,
            0.5,
            4.5,
            1.5,
            3.0,
            -1.5,
            -1.0,
            4.0,
            4.0,
            4.0,
            7.5,
            5.5,
            7.0,
            8.5,
            4.5,
            4.0,
            4.0,
            0.5,
            -1.0,
            -1.0,
            -1.0,
            -0.5,
            -1.0,
            3.0,
            -8.0,
            -8.0
        ]
    },
    "6": {
        "neg": [
            -0.5,
            0.0,
            -1.0,
            -0.5,
            0.0,
            2.0,
            4.5,
            3.5,
            5.0,
            -3.000000000000007,
            11.0,
            7.5,
            7.5,
            9.0,
            13.5,
            10.0,
            -1.5,
            0.0,
            0.0,
            -0.5,
            1.5,
            2.5,
            4.5,
            4.5,
            2.5,
            2.0,
            0.0,
            0.5,
            2.5,
            4.5,
            4.5,
            5.0,
            4.0,
            3.5,
            4.0,
            4.0,
            4.0,
            4.0,
            12.5,
            12.0
        ],
        "pos": [
            -0.5,
            -0.5,
            -0.5,
            -1.0,
            0.0,
            -1.5,
            -4.999999999999993,
            -6.0,
            -6.0,
            -0.5,
            5.5,
            -1.0,
            -7.0,
            -8.0,
            1.0,
            0.5,
            4.5,
            1.5,
            3.0,
            -1.5,
            -1.0,
            4.0,
            4.0,
            4.0,
            7.5,
            5.5,
            7.0,
            8.5,
            4.5,
            4.0,
            4.0,
            0.5,
            -1.0,
            -1.0,
            -1.0,
            -0.5,
            -1.0,
            3.0,
            -8.0,
            -8.0
        ]
    },
    "8": {
        "neg": [
            -0.5,
            0.0,
            -1.0,
            -0.5,
            0.0,
            2.0,
            4.5,
            3.5,
            5.0,
            -3.000000000000007,
            11.0,
            7.5,
            7.5,
            9.0,
            13.5,
            10.0,
            -1.5,
            0.0,
            0.0,
            -0.5,
            1.5,
            2.5,
            4.5,
            4.5,
            2.5,
            2.0,
            0.0,
            0.5,
            2.5,
            4.5,
            4.5,
            5.0,
            4.0,
            3.5,
            4.0,
            4.0,
            4.0,
            4.0,
            12.5,
            12.0
        ],
        "pos": [
            -0.5,
            -0.5,
            -0.5,
            -1.0,
            0.0,
            -1.5,
            -4.999999999999993,
            -6.0,
            -6.0,
            -0.5,
            5.5,
            -1.0,
            -7.0,
            -8.0,
            1.0,
            0.5,
            4.5,
            1.5,
            3.0,
            -1.5,
            -1.0,
            4.0,
            4.0,
            4.0,
            7.5,
            5.5,
            7.0,
            8.5,
            4.5,
            4.0,
            4.0,
            0.5,
            -1.0,
            -1.0,
            -1.0,
            -0.5,
            -1.0,
            3.0,
            -8.0,
            -8.0
        ]
    },
    "10": {
        "neg": [
            -0.5,
            0.0,
            -1.0,
            -0.5,
            0.0,
            2.0,
            4.5,
            3.5,
            5.0,
            -3.000000000000007,
            11.0,
            7.5,
            7.5,
            9.0,
            13.5,
            10.0,
            -1.5,
            0.0,
            0.0,
            -0.5,
            1.5,
            2.5,
            4.5,
            4.5,
            2.5,
            2.0,
            0.0,
            0.5,
            2.5,
            4.5,
            4.5,
            5.0,
            4.0,
            3.5,
            4.0,
            4.0,
            4.0,
            4.0,
            12.5,
            12.0
        ],
        "pos": [
            -0.5,
            -0.5,
            -0.5,
            -1.0,
            0.0,
            -1.5,
            -4.999999999999993,
            -6.0,
            -6.0,
            -0.5,
            5.5,
            -1.0,
            -7.0,
            -8.0,
            1.0,
            0.5,
            4.5,
            1.5,
            3.0,
            -1.5,
            -1.0,
            4.0,
            4.0,
            4.0,
            7.5,
            5.5,
            7.0,
            8.5,
            4.5,
            4.0,
            4.0,
            0.5,
            -1.0,
            -1.0,
            -1.0,
            -0.5,
            -1.0,
            3.0,
            -8.0,
            -8.0
        ]
    }
}