{
    "baseline": 75.5,
    "2": {
        "-10": [
            -25.5
        ],
        "-8": [
            -22.5
        ],
        "-6": [
            -19.499999999999993
        ],
        "-4": [
            -17.500000000000007
        ],
        "-2": [
            -14.0
        ],
        "0": [
            0.0
        ],
        "2": [
            19.5
        ],
        "4": [
            24.5
        ],
        "6": [
            24.0
        ],
        "8": [
            22.5
        ],
        "10": [
            6.5
        ]
    },
    "4": {
        "-10": [
            -25.5
        ],
        "-8": [
            -22.5
        ],
        "-6": [
            -19.999999999999993
        ],
        "-4": [
            -17.500000000000007
        ],
        "-2": [
            -14.0
        ],
        "0": [
            0.0
        ],
        "2": [
            19.5
        ],
        "4": [
            24.5
        ],
        "6": [
            24.0
        ],
        "8": [
            23.5
        ],
        "10": [
            14.5
        ]
    },
    "6": {
        "-10": [
            -25.5
        ],
        "-8": [
            -22.0
        ],
        "-6": [
            -19.999999999999993
        ],
        "-4": [
            -17.500000000000007
        ],
        "-2": [
            -14.0
        ],
        "0": [
            0.0
        ],
        "2": [
            19.5
        ],
        "4": [
            24.5
        ],
        "6": [
            24.0
        ],
        "8": [
            24.0
        ],
        "10": [
            19.0
        ]
    },
    "8": {
        "-10": [
            -25.5
        ],
        "-8": [
            -22.0
        ],
        "-6": [
            -19.999999999999993
        ],
        "-4": [
            -17.500000000000007
        ],
        "-2": [
            -14.0
        ],
        "0": [
            0.0
        ],
        "2": [
            19.0
        ],
        "4": [
            24.5
        ],
        "6": [
            24.0
        ],
        "8": [
            24.0
        ],
        "10": [
            21.5
        ]
    },
    "10": {
        "-10": [
            -24.0
        ],
        "-8": [
            -22.0
        ],
        "-6": [
            -19.999999999999993
        ],
        "-4": [
            -17.500000000000007
        ],
        "-2": [
            -13.5
        ],
        "0": [
            0.0
        ],
        "2": [
            19.0
        ],
        "4": [
            24.5
        ],
        "6": [
            24.0
        ],
        "8": [
            24.0
        ],
        "10": [
            22.5
        ]
    }
}