{
    "baseline": 72.0,
    "2": {
        "-10": [
            -21.0
        ],
        "-8": [
            -10.5
        ],
        "-6": [
            -12.0
        ],
        "-4": [
            -14.000000000000007
        ],
        "-2": [
            -10.5
        ],
        "0": [
            0.0
        ],
        "2": [
            11.5
        ],
        "4": [
            20.0
        ],
        "6": [
            24.0
        ],
        "8": [
            23.5
        ],
        "10": [
            19.5
        ]
    },
    "4": {
        "-10": [
            -18.5
        ],
        "-8": [
            -11.0
        ],
        "-6": [
            -13.5
        ],
        "-4": [
            -13.5
        ],
        "-2": [
            -10.0
        ],
        "0": [
            0.0
        ],
        "2": [
            11.5
        ],
        "4": [
            19.5
        ],
        "6": [
            24.0
        ],
        "8": [
            24.0
        ],
        "10": [
            21.0
        ]
    },
    "6": {
        "-10": [
            -15.999999999999993
        ],
        "-8": [
            -10.5
        ],
        "-6": [
            -13.5
        ],
        "-4": [
            -13.5
        ],
        "-2": [
            -10.0
        ],
        "0": [
            0.0
        ],
        "2": [
            11.5
        ],
        "4": [
            19.0
        ],
        "6": [
            24.0
        ],
        "8": [
            24.5
        ],
        "10": [
            20.5
        ]
    },
    "8": {
        "-10": [
            -14.500000000000007
        ],
        "-8": [
            -10.5
        ],
        "-6": [
            -13.5
        ],
        "-4": [
            -13.5
        ],
        "-2": [
            -10.0
        ],
        "0": [
            0.0
        ],
        "2": [
            10.5
        ],
        "4": [
            18.0
        ],
        "6": [
            24.0
        ],
        "8": [
            25.5
        ],
        "10": [
            22.0
        ]
    },
    "10": {
        "-10": [
            -14.000000000000007
        ],
        "-8": [
            -11.5
        ],
        "-6": [
            -13.5
        ],
        "-4": [
            -13.5
        ],
        "-2": [
            -10.0
        ],
        "0": [
            0.0
        ],
        "2": [
            10.0
        ],
        "4": [
            17.0
        ],
        "6": [
            23.0
        ],
        "8": [
            25.5
        ],
        "10": [
            22.5
        ]
    }
}