{
    "baseline": 61.5,
    "2": {
        "-10": -61.5,
        "-8": -61.5,
        "-6": -61.0,
        "-4": -38.0,
        "-2": -6.999999999999993,
        "0": 0.0,
        "2": -5.499999999999993,
        "4": -61.5,
        "6": -61.5,
        "8": -61.5,
        "10": -61.5
    },
    "4": {
        "-10": -61.5,
        "-8": -61.5,
        "-6": -61.0,
        "-4": -38.0,
        "-2": -6.999999999999993,
        "0": 0.0,
        "2": -5.499999999999993,
        "4": -61.5,
        "6": -61.5,
        "8": -61.5,
        "10": -61.5
    },
    "6": {
        "-10": -61.5,
        "-8": -61.5,
        "-6": -61.0,
        "-4": -38.0,
        "-2": -6.999999999999993,
        "0": 0.0,
        "2": -5.499999999999993,
        "4": -61.5,
        "6": -61.5,
        "8": -61.5,
        "10": -61.5
    },
    "8": {
        "-10": -61.5,
        "-8": -61.5,
        "-6": -61.0,
        "-4": -38.0,
        "-2": -6.999999999999993,
        "0": 0.0,
        "2": -5.499999999999993,
        "4": -61.5,
        "6": -61.5,
        "8": -61.5,
        "10": -61.5
    },
    "10": {
        "-10": -61.5,
        "-8": -61.5,
        "-6": -61.0,
        "-4": -38.0,
        "-2": -6.999999999999993,
        "0": 0.0,
        "2": -5.499999999999993,
        "4": -61.5,
        "6": -61.5,
        "8": -61.5,
        "10": -61.5
    }
}