{
    "baseline": 62.5,
    "2": {
        "-10": [
            1.0,
            0.0,
            -2.0,
            -1.5,
            -2.5,
            -2.5,
            -10.5,
            -11.5,
            1.0,
            1.5,
            3.0,
            -1.5,
            -2.0,
            -2.5,
            -1.5,
            2.0
        ],
        "-8": [
            -0.5,
            1.0,
            -0.5,
            -1.0,
            -1.5,
            -1.0,
            -9.5,
            -10.5,
            0.0,
            1.5,
            2.0,
            -2.5,
            -2.0,
            -2.5,
            0.5,
            2.0
        ],
        "-6": [
            -0.5,
            -0.5,
            0.0,
            -0.5,
            -1.0,
            -0.5,
            -7.999999999999993,
            -9.5,
            -1.0,
            1.0,
            1.5,
            -3.5,
            -3.5,
            -2.0,
            0.5,
            1.5
        ],
        "-4": [
            -0.5,
            0.0,
            -0.5,
            -1.5,
            0.0,
            0.0,
            -5.000000000000007,
            -8.5,
            -1.0,
            0.5,
            0.0,
            -3.5,
            -3.5,
            -2.5,
            0.5,
            0.0
        ],
        "-2": [
            -0.5,
            0.5,
            0.5,
            -1.0,
            0.5,
            0.0,
            -3.0,
            -7.499999999999993,
            -2.0,
            -0.5,
            0.5,
            -2.5,
            -2.0,
            -1.5,
            0.0,
            -0.5
        ],
        "0": [
            0.0,
            0.0,
            0.0,
            0.0,
            0.0,
            0.0,
            0.0,
            0.0,
            0.0,
            0.0,
            0.0,
            0.0,
            0.0,
            0.0,
            0.0,
            0.0
        ],
        "2": [
            -0.5,
            -1.0,
            -0.5,
            -0.5,
            -1.5,
            -2.0,
            -1.5,
            3.5,
            1.0,
            0.5,
            0.0,
            1.5,
            0.5,
            -0.5,
            0.0,
            0.0
        ],
        "4": [
            -1.5,
            -1.0,
            -0.5,
            -0.5,
            -2.0,
            -3.0,
            -4.0,
            10.5,
            1.0,
            0.5,
            0.5,
            3.0,
            1.5,
            -0.5,
            -0.5,
            -1.0
        ],
        "6": [
            -2.0,
            -0.5,
            -1.5,
            -0.5,
            -2.5,
            -4.500000000000007,
            -7.999999999999993,
            11.0,
            1.5,
            1.5,
            1.5,
            3.5,
            2.0,
            0.5,
            -1.0,
            -1.5
        ],
        "8": [
            -1.5,
            -0.5,
            -1.5,
            -1.5,
            -3.0,
            -6.000000000000007,
            -11.0,
            6.0,
            2.5,
            1.5,
            1.5,
            4.0,
            2.5,
            -1.5,
            -1.5,
            -2.5
        ],
        "10": [
            -1.0,
            -1.0,
            -1.5,
            -2.0,
            -3.5,
            -8.5,
            -11.0,
            -1.0,
            3.0,
            1.5,
            1.5,
            6.5,
            2.5,
            -3.0,
            -2.5,
            -3.0
        ]
    },
    "4": {
        "-10": [
            -0.5,
            1.0,
            0.5,
            -1.0,
            -1.5,
            -1.5,
            -10.5,
            -10.5,
            1.5,
            2.5,
            3.0,
            -1.5,
            -2.0,
            -1.5,
            -1.0,
            1.5
        ],
        "-8": [
            -0.5,
            0.0,
            0.5,
            -0.5,
            -2.0,
            -1.5,
            -9.5,
            -10.0,
            1.0,
            1.5,
            2.5,
            -3.0,
            -2.0,
            -2.0,
            -0.5,
            1.5
        ],
        "-6": [
            -0.5,
            0.5,
            0.0,
            -1.0,
            0.5,
            0.0,
            -6.999999999999993,
            -10.0,
            0.5,
            1.5,
            1.5,
            -3.5,
            -2.0,
            -2.0,
            0.5,
            1.5
        ],
        "-4": [
            0.0,
            -0.5,
            0.5,
            -1.0,
            -0.5,
            1.0,
            -5.500000000000007,
            -9.0,
            -0.5,
            0.5,
            0.5,
            -3.0,
            -2.5,
            -2.5,
            0.5,
            0.5
        ],
        "-2": [
            0.0,
            -0.5,
            0.0,
            0.0,
            1.0,
            0.5,
            -2.0,
            -7.499999999999993,
            -0.5,
            0.0,
            1.0,
            -2.5,
            -2.5,
            -2.0,
            0.0,
            1.0
        ],
        "0": [
            0.0,
            0.0,
            0.0,
            0.0,
            0.0,
            0.0,
            0.0,
            0.0,
            0.0,
            0.0,
            0.0,
            0.0,
            0.0,
            0.0,
            0.0,
            0.0
        ],
        "2": [
            -1.5,
            0.5,
            -1.5,
            0.0,
            -1.0,
            -1.5,
            -1.0,
            3.0,
            1.5,
            0.0,
            -0.5,
            1.0,
            1.5,
            0.0,
            0.0,
            -0.5
        ],
        "4": [
            -1.0,
            -1.0,
            -0.5,
            0.0,
            -1.0,
            -2.5,
            -2.5,
            10.5,
            1.0,
            0.5,
            0.0,
            3.0,
            1.5,
            1.0,
            -0.5,
            0.0
        ],
        "6": [
            0.0,
            0.0,
            -1.5,
            -0.5,
            -2.5,
            -4.500000000000007,
            -6.499999999999993,
            12.0,
            1.5,
            0.5,
            -0.5,
            3.0,
            1.5,
            0.5,
            -1.0,
            -1.5
        ],
        "8": [
            -1.0,
            0.0,
            -1.0,
            -1.5,
            -3.0,
            -5.000000000000007,
            -9.5,
            7.5,
            1.5,
            2.0,
            1.5,
            2.5,
            1.5,
            -1.0,
            -1.0,
            -1.5
        ],
        "10": [
            -0.5,
            -0.5,
            -2.0,
            -2.5,
            -3.5,
            -7.499999999999993,
            -11.0,
            0.5,
            2.0,
            1.0,
            1.0,
            6.0,
            1.5,
            -1.5,
            -2.5,
            -2.5
        ]
    },
    "6": {
        "-10": [
            0.0,
            0.5,
            1.5,
            -0.5,
            -2.0,
            -1.5,
            -10.0,
            -10.0,
            2.0,
            3.0,
            3.5,
            0.0,
            -2.0,
            -1.0,
            -0.5,
            2.0
        ],
        "-8": [
            1.0,
            -0.5,
            1.0,
            0.0,
            -0.5,
            -1.0,
            -8.5,
            -10.0,
            2.5,
            2.5,
            3.0,
            -1.5,
            -2.0,
            -1.5,
            0.5,
            1.5
        ],
        "-6": [
            -0.5,
            0.0,
            0.5,
            0.0,
            0.5,
            -1.0,
            -6.999999999999993,
            -9.5,
            1.5,
            1.5,
            2.5,
            -2.5,
            -1.5,
            -1.0,
            1.0,
            1.5
        ],