{
    "baseline": 58.5,
    "10": {
        "-10": [
            0.0,
            3.5,
            -58.5,
            -58.5,
            -58.5,
            -58.5,
            -58.5,
            -58.5,
            -58.5,
            -40.0,
            -52.0,
            -58.5,
            -58.5,
            -38.0,
            -34.5,
            -58.5
        ],
        "-8": [
            0.0,
            4.0,
            -58.5,
            -58.5,
            -42.5,
            -58.5,
            -58.5,
            -58.5,
            -58.5,
            -28.0,
            -54.0,
            -55.0,
            -49.5,
            -16.5,
            -5.0,
            -58.5
        ],
        "-6": [
            0.0,
            0.0,
            -56.5,
            -57.5,
            -47.5,
            -56.5,
            -57.5,
            -58.5,
            -9.0,
            -30.999999999999996,
            -58.0,
            -48.0,
            -25.0,
            -5.0,
            -4.5,
            -58.5
        ],
        "-4": [
            0.0,
            -1.500000000000007,
            -3.499999999999993,
            -56.0,
            -40.0,
            -58.5,
            -58.0,
            -43.5,
            -54.5,
            -50.0,
            -26.0,
            -53.5,
            -13.5,
            -4.5,
            -4.5,
            -41.0
        ],
        "-2": [
            0.0,
            0.0,
            -2.499999999999993,
            3.0,
            -22.5,
            -11.0,
            -49.5,
            4.5,
            -0.5000000000000071,
            1.0,
            -1.000000000000007,
            1.0,
            1.5,
            1.0,
            1.0,
            0.0
        ],
        "0": [
            0.0,
            0.0,
            0.0,
            0.0,
            0.0,
            0.0,
            0.0,
            0.0,
            0.0,
            0.0,
            0.0,
            0.0,
            0.0,
            0.0,
            0.0,
            0.0
        ],
        "2": [
            0.0,
            -0.5000000000000071,
            0.5,
            0.0,
            7.0,
            7.5,
            -2.000000000000007,
            0.0,
            -3.499999999999993,
            -2.499999999999993,
            -3.499999999999993,
            -3.999999999999993,
            -3.999999999999993,
            -1.500000000000007,
            -2.499999999999993,
            -2.499999999999993
        ],
        "4": [
            0.5,
            -0.5000000000000071,
            7.5,
            -2.499999999999993,
            -58.5,
            -58.5,
            -58.5,
            -56.5,
            -53.0,
            -6.5,
            -52.0,
            -58.5,
            -58.5,
            -58.5,
            -58.5,
            -58.5
        ],
        "6": [
            -0.5000000000000071,
            -2.000000000000007,
            -58.5,
            -58.5,
            -58.5,
            -58.5,
            -58.5,
            -58.0,
            -49.0,
            -5.0,
            -55.0,
            -58.5,
            -58.5,
            -58.5,
            -58.5,
            -58.5
        ],
        "8": [
            0.5,
            1.0,
            -58.5,
            -58.5,
            -58.5,
            -58.5,
            -58.5,
            -58.5,
            -36.5,
            -45.5,
            -58.5,
            -58.5,
            -58.5,
            -58.5,
            -58.5,
            -58.5
        ],
        "10": [
            -1.000000000000007,
            4.5,
            -58.5,
            -58.5,
            -58.0,
            -58.5,
            -58.5,
            -58.5,
            -51.0,
            -58.5,
            -58.0,
            -58.5,
            -58.5,
            -58.5,
            -58.5,
            -58.5
        ]
    }
}