{
    "baseline": 62.5,
    "10": {
        "-10": [
            1.0,
            -46.5,
            -62.5,
            -62.5,
            -62.5,
            -62.5,
            -62.5,
            -62.5,
            -62.5,
            -62.5,
            -62.5,
            -62.5,
            -62.5,
            -62.5,
            -62.5,
            -62.5
        ],
        "-8": [
            0.5,
            -12.0,
            -62.5,
            -62.5,
            -62.5,
            -62.5,
            -62.5,
            -62.5,
            -62.5,
            -62.5,
            -62.5,
            -62.5,
            -62.5,
            -62.5,
            -62.5,
            -62.5
        ],
        "-6": [
            1.5,
            -10.5,
            -18.5,
            -62.5,
            -62.5,
            -62.5,
            -62.5,
            -62.5,
            -62.5,
            -62.5,
            -62.5,
            -62.5,
            -62.5,
            -12.5,
            -62.5,
            -62.5
        ],
        "-4": [
            0.5,
            -6.999999999999993,
            -11.5,
            -37.5,
            -62.5,
            -62.5,
            -62.5,
            -62.5,
            3.5,
            5.0,
            -49.0,
            -62.5,
            -62.5,
            -12.5,
            -62.5,
            -62.5
        ],
        "-2": [
            0.0,
            -1.0,
            -10.5,
            -12.0,
            -9.5,
            -11.0,
            -7.999999999999993,
            -0.5,
            3.5,
            7.5,
            -10.5,
            2.5,
            -5.500000000000007,
            -8.5,
            -8.5,
            -8.5
        ],
        "0": [
            0.0,
            0.0,
            0.0,
            0.0,
            0.0,
            0.0,
            0.0,
            0.0,
            0.0,
            0.0,
            0.0,
            0.0,
            0.0,
            0.0,
            0.0,
            0.0
        ],
        "2": [
            -2.5,
            1.0,
            -6.000000000000007,
            -12.0,
            -10.0,
            -12.5,
            7.0,
            -12.0,
            -11.0,
            -14.5,
            -12.5,
            -62.5,
            -62.5,
            -62.5,
            -62.0,
            0.0
        ],
        "4": [
            -2.5,
            -1.5,
            -12.5,
            -62.0,
            -62.5,
            -62.5,
            -62.5,
            -62.5,
            -62.5,
            -62.5,
            -62.5,
            -62.5,
            -62.5,
            -62.5,
            -62.5,
            -62.5
        ],
        "6": [
            -3.5,
            -11.5,
            -62.5,
            -62.5,
            -62.5,
            -62.5,
            -62.5,
            -62.5,
            -62.5,
            -62.5,
            -62.5,
            -62.5,
            -62.5,
            -62.5,
            -62.5,
            -62.5
        ],
        "8": [
            -5.000000000000007,
            -12.0,
            -62.5,
            -62.5,
            -62.5,
            -62.5,
            -62.5,
            -62.5,
            -62.5,
            -62.5,
            -62.5,
            -62.5,
            -62.5,
            -62.5,
            -62.5,
            -62.5
        ],
        "10": [
            -5.500000000000007,
            -36.0,
            -62.5,
            -62.5,
            -62.5,
            -62.5,
            -62.5,
            -62.5,
            -62.5,
            -62.5,
            -62.5,
            -62.5,
            -62.5,
            -62.5,
            -62.5,
            -62.5
        ]
    }
}