{
    "baseline": 80.5,
    "2": {
        "-10": [
            -30.5
        ],
        "-8": [
            -28.5
        ],
        "-6": [
            -28.0
        ],
        "-4": [
            -27.5
        ],
        "-2": [
            -22.0
        ],
        "0": [
            0.0
        ],
        "2": [
            13.5
        ],
        "4": [
            18.0
        ],
        "6": [
            19.0
        ],
        "8": [
            19.0
        ],
        "10": [
            18.5
        ]
    },
    "4": {
        "-10": [
            -29.0
        ],
        "-8": [
            -28.0
        ],
        "-6": [
            -27.0
        ],
        "-4": [
            -27.5
        ],
        "-2": [
            -20.5
        ],
        "0": [
            0.0
        ],
        "2": [
            12.5
        ],
        "4": [
            18.0
        ],
        "6": [
            19.0
        ],
        "8": [
            19.0
        ],
        "10": [
            18.0
        ]
    },
    "6": {
        "-10": [
            -27.0
        ],
        "-8": [
            -24.499999999999993
        ],
        "-6": [
            -26.5
        ],
        "-4": [
            -26.5
        ],
        "-2": [
            -19.0
        ],
        "0": [
            0.0
        ],
        "2": [
            12.0
        ],
        "4": [
            17.0
        ],
        "6": [
            18.0
        ],
        "8": [
            19.0
        ],
        "10": [
            18.5
        ]
    },
    "8": {
        "-10": [
            -25.999999999999993
        ],
        "-8": [
            -24.499999999999993
        ],
        "-6": [
            -26.5
        ],
        "-4": [
            -26.5
        ],
        "-2": [
            -19.0
        ],
        "0": [
            0.0
        ],
        "2": [
            10.5
        ],
        "4": [
            16.0
        ],
        "6": [
            18.0
        ],
        "8": [
            18.0
        ],
        "10": [
            18.0
        ]
    },
    "10": {
        "-10": [
            -24.499999999999993
        ],
        "-8": [
            -24.499999999999993
        ],
        "-6": [
            -26.5
        ],
        "-4": [
            -26.5
        ],
        "-2": [
            -18.0
        ],
        "0": [
            0.0
        ],
        "2": [
            9.5
        ],
        "4": [
            16.0
        ],
        "6": [
            18.0
        ],
        "8": [
            18.0
        ],
        "10": [
            18.0
        ]
    }
}