{
    "baseline": 83.5,
    "2": {
        "-10": [
            1.0,
            0.0,
            0.5,
            -0.5,
            0.5,
            -33.5,
            -0.5,
            -35.0,
            -83.5,
            -83.5,
            -82.5,
            -83.5,
            -81.5,
            -83.5,
            -83.5,
            -83.5
        ],
        "-8": [
            0.5,
            0.0,
            0.5,
            0.5,
            1.0,
            -33.0,
            6.0,
            -33.5,
            -5.5,
            2.5,
            -69.0,
            -83.5,
            -83.5,
            -82.0,
            0.0,
            -79.0
        ],
        "-6": [
            1.0,
            2.0,
            0.5,
            0.0,
            1.5,
            -25.500000000000007,
            3.5,
            -33.5,
            -22.5,
            -2.5,
            -7.5,
            -73.5,
            -83.5,
            -44.5,
            0.0,
            -12.0
        ],
        "-4": [
            1.0,
            0.5,
            1.0,
            0.0,
            1.5,
            -12.5,
            -2.5,
            -28.999999999999993,
            -23.5,
            -5.0,
            -6.0,
            -1.0,
            0.0,
            -3.0,
            0.0,
            -5.5
        ],
        "-2": [
            1.5,
            1.5,
            1.0,
            0.5,
            2.0,
            -1.5,
            -2.0,
            -17.5,
            -14.0,
            -1.5,
            -1.0,
            -1.0,
            -0.5,
            -1.5,
            0.0,
            -1.0
        ],
        "0": [
            0.0,
            0.0,
            0.0,
            0.0,
            0.0,
            0.0,
            0.0,
            0.0,
            0.0,
            0.0,
            0.0,
            0.0,
            0.0,
            0.0,
            0.0,
            0.0
        ],
        "2": [
            0.5,
            1.0,
            1.0,
            0.5,
            0.0,
            2.0,
            6.5,
            13.0,
            8.5,
            6.5,
            6.0,
            7.0,
            6.5,
            5.0,
            2.5,
            5.0
        ],
        "4": [
            1.0,
            1.0,
            1.0,
            2.0,
            0.0,
            -0.5,
            7.5,
            -13.0,
            11.5,
            8.5,
            8.5,
            12.0,
            8.5,
            6.0,
            4.5,
            7.5
        ],
        "6": [
            0.5,
            0.0,
            1.0,
            1.5,
            0.0,
            -1.5,
            8.0,
            -33.5,
            11.0,
            9.5,
            11.0,
            12.0,
            9.5,
            6.0,
            4.5,
            8.5
        ],
        "8": [
            1.0,
            1.0,
            0.5,
            3.0,
            -0.5,
            8.0,
            8.5,
            -45.5,
            11.0,
            9.5,
            12.0,
            -28.999999999999993,
            -11.5,
            8.5,
            4.5,
            11.0
        ],
        "10": [
            0.0,
            1.0,
            0.5,
            3.5,
            -1.5,
            11.5,
            12.5,
            -82.0,
            8.5,
            10.5,
            2.0,
            -42.0,
            -83.0,
            10.5,
            -9.0,
            12.0
        ]
    },
    "4": {
        "-10": [
            0.0,
            0.5,
            0.0,
            0.0,
            0.5,
            -33.0,
            3.0,
            -33.5,
            -83.5,
            -83.5,
            -81.5,
            -82.5,
            -83.5,
            -83.5,
            -71.0,
            -83.5
        ],
        "-8": [
            0.0,
            1.0,
            1.0,
            0.0,
            2.5,
            -30.0,
            5.5,
            -33.5,
            -10.0,
            2.0,
            -19.0,
            -83.5,
            -83.5,
            -79.0,
            1.0,
            -35.5
        ],
        "-6": [
            0.0,
            1.5,
            1.0,
            0.0,
            2.0,
            -22.0,
            0.5,
            -33.5,
            -24.0,
            -1.5,
            -4.5,
            -56.0,
            -82.5,
            -32.5,
            0.0,
            -8.0
        ],
        "-4": [
            0.5,
            1.0,
            0.0,
            0.5,
            2.0,
            -9.5,
            -3.5,
            -29.5,
            -24.0,
            -4.0,
            -3.5,
            -0.5,
            0.0,
            -2.5,
            0.5,
            -2.5
        ],
        "-2": [
            1.0,
            0.0,
            0.0,
            0.0,
            1.0,
            -0.5,
            -2.0,
            -19.0,
            -13.0,
            -1.0,
            -1.0,
            -0.5,
            -1.0,
            -1.0,
            0.0,
            -0.5
        ],
        "0": [
            0.0,
            0.0,
            0.0,
            0.0,
            0.0,
            0.0,
            0.0,
            0.0,
            0.0,
            0.0,
            0.0,
            0.0,
            0.0,
            0.0,
            0.0,
            0.0
        ],
        "2": [
            0.5,
            1.0,
            1.0,
            0.5,
            1.0,
            1.5,
            7.0,
            13.0,
            8.5,
            5.5,
            5.5,
            6.5,
            6.0,
            5.0,
            2.5,
            5.0
        ],
        "4": [
            0.0,
            1.5,
            0.0,
            1.5,
            0.0,
            0.0,
            10.0,
            -12.0,
            11.5,
            8.5,
            8.5,
            11.5,
            8.5,
            6.0,
            5.0,
            6.5
        ],
        "6": [
            1.0,
            0.5,
            0.5,
            3.5,
            0.0,
            -3.5,
            10.5,
            -33.5,
            11.5,
            9.0,
            11.0,
            12.5,
            9.5,
            6.0,
            4.0,
            8.0
        ],
        "8": [
            0.5,
            1.5,
            0.5,
            3.5,
            0.0,
            4.5,
            12.0,
            -40.0,
            10.5,
            9.5,
            13.0,
            -8.0,
            -13.5,
            7.5,
            2.5,
            9.0
        ],
        "10": [
            1.0,
            2.0,
            0.5,
            4.5,
            -1.5,
            12.0,
            13.5,
            -83.5,
            11.0,
            10.5,
            6.5,
            -37.0,
            -77.5,
            5.0,
            2.0,
            10.5
        ]
    },
    "6": {
        "-10": [
            1.0,
            0.0,
            0.5,
            -0.5,
            0.0,
            -33.0,
            5.0,
            -33.5,
            -83.0,
            -80.0,
            -81.0,
            -82.5,
            -83.5,
            -83.5,
            -33.0,
            -83.5
        ],
        "-8": [
            1.0,
            0.0,
            0.5,
            0.0,
            1.5,
            -28.499999999999993,
            5.0,
            -33.5,
            -12.0,
            2.5,
            -2.0,
            -83.5,
            -83.5,
            -79.0,
            1.0,
            -13.5
        ],
        "-6": [
            0.5,
            1.0,
            1.0,
            0.0,
            1.0,
            -19.0,
            -1.0,
            -33.5,
            -24.0,
            -1.5,
            -3.5,
            -42.5,
            -80.5,
            -28.999999999999993,
            0.0,
            -4.5
        ],