{
    "baseline": 64.0,
    "2": {
        "-10": [
            0.0,
            0.0,
            0.0,
            0.0,
            1.0,
            -20.0,
            -29.0,
            -30.5,
            -64.0,
            -64.0,
            -63.5,
            -64.0,
            -64.0,
            -64.0,
            -64.0,
            -64.0
        ],
        "-8": [
            0.0,
            0.0,
            0.0,
            0.0,
            1.0,
            -11.5,
            -29.0,
            -23.0,
            -63.5,
            -64.0,
            -60.0,
            -64.0,
            -64.0,
            -64.0,
            -64.0,
            -64.0
        ],
        "-6": [
            0.0,
            0.0,
            0.0,
            0.0,
            1.0,
            -7.500000000000007,
            -24.0,
            -23.5,
            -31.5,
            -62.5,
            -56.0,
            -64.0,
            -64.0,
            -64.0,
            -64.0,
            -64.0
        ],
        "-4": [
            0.0,
            0.5,
            0.0,
            0.0,
            0.5,
            -2.5,
            -17.5,
            -23.5,
            -7.000000000000007,
            -6.500000000000007,
            -12.0,
            -61.0,
            -45.5,
            -5.0,
            -30.5,
            -12.0
        ],
        "-2": [
            0.0,
            0.0,
            0.5,
            0.0,
            0.0,
            0.0,
            -10.0,
            -19.0,
            -4.0,
            0.0,
            0.0,
            0.5,
            1.0,
            -1.0,
            0.5,
            -0.5
        ],
        "0": [
            0.0,
            0.0,
            0.0,
            0.0,
            0.0,
            0.0,
            0.0,
            0.0,
            0.0,
            0.0,
            0.0,
            0.0,
            0.0,
            0.0,
            0.0,
            0.0
        ],
        "2": [
            0.0,
            0.0,
            0.0,
            0.0,
            0.5,
            0.0,
            14.0,
            29.0,
            3.5,
            0.5,
            0.0,
            0.5,
            -0.5,
            -0.5,
            -0.5,
            -0.5
        ],
        "4": [
            0.0,
            0.5,
            0.0,
            0.0,
            0.5,
            0.0,
            26.5,
            24.0,
            -7.999999999999993,
            -6.000000000000007,
            -19.5,
            -6.000000000000007,
            -11.5,
            -14.0,
            -2.5,
            -8.999999999999993
        ],
        "6": [
            0.0,
            0.5,
            0.0,
            0.0,
            -0.5,
            3.5,
            17.5,
            -14.0,
            -63.0,
            -46.5,
            -63.5,
            -22.0,
            -55.5,
            -64.0,
            -20.5,
            -59.0
        ],
        "8": [
            0.0,
            0.0,
            0.0,
            0.0,
            -1.0,
            14.5,
            8.5,
            -37.5,
            -64.0,
            -61.5,
            -64.0,
            -35.0,
            -64.0,
            -64.0,
            -53.0,
            -64.0
        ],
        "10": [
            0.0,
            0.5,
            0.0,
            -0.5,
            -1.5,
            28.0,
            -3.5,
            -64.0,
            -64.0,
            -62.5,
            -64.0,
            -42.0,
            -64.0,
            -64.0,
            -64.0,
            -64.0
        ]
    },
    "4": {
        "-10": [
            0.0,
            0.0,
            0.5,
            0.0,
            1.0,
            -21.0,
            -31.0,
            -50.5,
            -64.0,
            -64.0,
            -64.0,
            -64.0,
            -64.0,
            -64.0,
            -64.0,
            -64.0
        ],
        "-8": [
            0.0,
            0.0,
            0.0,
            0.0,
            1.0,
            -13.5,
            -30.5,
            -27.5,
            -64.0,
            -64.0,
            -63.5,
            -64.0,
            -64.0,
            -64.0,
            -64.0,
            -64.0
        ],
        "-6": [
            0.0,
            0.0,
            0.0,
            0.0,
            0.5,
            -7.999999999999993,
            -25.0,
            -25.0,
            -41.0,
            -64.0,
            -60.0,
            -64.0,
            -64.0,
            -64.0,
            -64.0,
            -64.0
        ],
        "-4": [
            0.0,
            0.0,
            0.0,
            0.0,
            0.0,
            -3.5,
            -18.5,
            -25.5,
            -7.500000000000007,
            -11.5,
            -14.0,
            -62.0,
            -54.0,
            -13.0,
            -57.5,
            -19.5
        ],
        "-2": [
            0.0,
            0.0,
            0.0,
            0.0,
            0.0,
            0.5,
            -10.5,
            -21.5,
            -4.0,
            0.0,
            0.5,
            0.5,
            1.0,
            -0.5,
            0.0,
            -1.0
        ],
        "0": [
            0.0,
            0.0,
            0.0,
            0.0,
            0.0,
            0.0,
            0.0,
            0.0,
            0.0,
            0.0,
            0.0,
            0.0,
            0.0,
            0.0,
            0.0,
            0.0
        ],
        "2": [
            0.0,
            0.0,
            0.0,
            0.0,
            0.5,
            0.5,
            14.0,
            27.5,
            3.5,
            0.5,
            0.5,
            0.5,
            -0.5,
            -0.5,
            -0.5,
            -0.5
        ],
        "4": [
            0.0,
            0.0,
            0.0,
            0.0,
            0.0,
            0.0,
            28.0,
            30.5,
            -17.0,
            -8.499999999999993,
            -19.0,
            -5.0,
            -13.0,
            -14.0,
            -2.5,
            -9.499999999999993
        ],
        "6": [
            0.0,
            0.0,
            0.0,
            0.5,
            0.5,
            2.5,
            22.0,
            -10.5,
            -63.5,
            -59.0,
            -64.0,
            -22.0,
            -59.0,
            -64.0,
            -20.0,
            -61.5
        ],
        "8": [
            0.0,
            0.5,
            -0.5,
            0.5,
            -0.5,
            14.5,
            13.5,
            -49.0,
            -64.0,
            -63.5,
            -64.0,
            -29.0,
            -64.0,
            -64.0,
            -52.0,
            -64.0
        ],
        "10": [
            0.0,
            0.5,
            -0.5,
            0.0,
            -0.5,
            28.0,
            -0.5,
            -64.0,
            -64.0,
            -64.0,
            -64.0,
            -35.0,
            -64.0,
            -64.0,
            -64.0,
            -64.0
        ]
    },
    "6": {
        "-10": [
            0.0,
            0.0,
            0.0,
            0.0,
            1.0,
            -22.0,
            -32.0,
            -51.5,
            -64.0,
            -64.0,
            -64.0,
            -64.0,
            -64.0,
            -64.0,
            -64.0,
            -64.0
        ],
        "-8": [
            0.0,
            0.0,
            0.5,
            0.0,
            1.0,
            -14.0,
            -31.5,
            -32.0,
            -63.5,
            -64.0,
            -63.5,
            -64.0,
            -64.0,
            -64.0,
            -64.0,
            -64.0
        ],