{
    "baseline": 47.0,
    "2": {
        "-10": [
            -12.0
        ],
        "-8": [
            -7.0
        ],
        "-6": [
            -4.0
        ],
        "-4": [
            -2.5
        ],
        "-2": [
            -1.0
        ],
        "0": [
            0.0
        ],
        "2": [
            2.0
        ],
        "4": [
            5.0
        ],
        "6": [
            6.0
        ],
        "8": [
            9.000000000000007
        ],
        "10": [
            11.5
        ]
    },
    "4": {
        "-10": [
            -13.5
        ],
        "-8": [
            -11.0
        ],
        "-6": [
            -6.5
        ],
        "-4": [
            -3.0
        ],
        "-2": [
            -1.0
        ],
        "0": [
            0.0
        ],
        "2": [
            2.0
        ],
        "4": [
            4.0
        ],
        "6": [
            5.5
        ],
        "8": [
            7.500000000000007
        ],
        "10": [
            7.500000000000007
        ]
    },
    "6": {
        "-10": [
            -15.5
        ],
        "-8": [
            -11.5
        ],
        "-6": [
            -6.5
        ],
        "-4": [
            -3.0
        ],
        "-2": [
            -1.0
        ],
        "0": [
            0.0
        ],
        "2": [
            1.5
        ],
        "4": [
            3.5
        ],
        "6": [
            5.0
        ],
        "8": [
            6.0
        ],
        "10": [
            7.500000000000007
        ]
    },
    "8": {
        "-10": [
            -15.5
        ],
        "-8": [
            -11.0
        ],
        "-6": [
            -5.5
        ],
        "-4": [
            -3.0
        ],
        "-2": [
            -1.0
        ],
        "0": [
            0.0
        ],
        "2": [
            1.5
        ],
        "4": [
            3.5
        ],
        "6": [
            5.0
        ],
        "8": [
            6.5
        ],
        "10": [
            7.500000000000007
        ]
    },
    "10": {
        "-10": [
            -15.0
        ],
        "-8": [
            -11.5
        ],
        "-6": [
            -7.5
        ],
        "-4": [
            -3.0
        ],
        "-2": [
            -0.5
        ],
        "0": [
            0.0
        ],
        "2": [
            1.0
        ],
        "4": [
            3.0
        ],
        "6": [
            4.5
        ],
        "8": [
            5.5
        ],
        "10": [
            6.0
        ]
    }
}