{
    "baseline": 75.5,
    "10": {
        "-10": -24.5,
        "-8": -22.0,
        "-6": -19.999999999999993,
        "-4": -17.500000000000007,
        "-2": -13.5,
        "0": 0.0,
        "2": 19.0,
        "4": 24.5,
        "6": 24.0,
        "8": 24.0,
        "10": 22.0
    }
}