{
    "baseline": 64.0,
    "10": {
        "-10": [
            -64.0,
            -63.0,
            -63.5,
            -64.0,
            -64.0,
            -64.0,
            -64.0,
            -64.0,
            -64.0,
            -64.0,
            -64.0,
            -64.0,
            -64.0,
            -64.0,
            -64.0,
            -64.0
        ],
        "-8": [
            -64.0,
            -46.5,
            -47.0,
            -64.0,
            -64.0,
            -64.0,
            -61.5,
            -64.0,
            -64.0,
            -64.0,
            -64.0,
            -64.0,
            -64.0,
            -64.0,
            -64.0,
            -64.0
        ],
        "-6": [
            -64.0,
            -55.0,
            -51.5,
            -63.5,
            -64.0,
            -64.0,
            -64.0,
            -64.0,
            -64.0,
            -57.0,
            -64.0,
            -64.0,
            -64.0,
            -64.0,
            -64.0,
            -64.0
        ],
        "-4": [
            -64.0,
            -64.0,
            -63.5,
            -64.0,
            -64.0,
            -64.0,
            -64.0,
            -64.0,
            -64.0,
            -28.0,
            -27.5,
            -64.0,
            -64.0,
            -59.0,
            -64.0,
            -64.0
        ],
        "-2": [
            -3.0,
            -3.0,
            10.5,
            -3.5,
            -61.5,
            -40.0,
            -25.0,
            2.0,
            -54.0,
            -52.0,
            -8.999999999999993,
            -6.500000000000007,
            -1.0,
            -0.5,
            0.0,
            0.5
        ],
        "0": [
            0.0,
            0.0,
            0.0,
            0.0,
            0.0,
            0.0,
            0.0,
            0.0,
            0.0,
            0.0,
            0.0,
            0.0,
            0.0,
            0.0,
            0.0,
            0.0
        ],
        "2": [
            0.5,
            -4.5,
            -11.5,
            -27.0,
            -61.0,
            -63.0,
            -53.5,
            -64.0,
            -50.0,
            -40.0,
            -64.0,
            -64.0,
            -61.5,
            -37.0,
            1.0,
            -1.5
        ],
        "4": [
            -62.0,
            -62.0,
            -64.0,
            -64.0,
            -64.0,
            -64.0,
            -64.0,
            -64.0,
            -64.0,
            -64.0,
            -64.0,
            -64.0,
            -64.0,
            -64.0,
            -64.0,
            -51.0
        ],
        "6": [
            -64.0,
            -64.0,
            -64.0,
            -64.0,
            -64.0,
            -64.0,
            -64.0,
            -64.0,
            -64.0,
            -64.0,
            -64.0,
            -64.0,
            -64.0,
            -64.0,
            -64.0,
            -64.0
        ],
        "8": [
            -64.0,
            -64.0,
            -64.0,
            -64.0,
            -64.0,
            -64.0,
            -64.0,
            -64.0,
            -64.0,
            -64.0,
            -64.0,
            -64.0,
            -64.0,
            -64.0,
            -64.0,
            -64.0
        ],
        "10": [
            -64.0,
            -64.0,
            -64.0,
            -64.0,
            -64.0,
            -64.0,
            -64.0,
            -64.0,
            -64.0,
            -64.0,
            -64.0,
            -64.0,
            -64.0,
            -64.0,
            -64.0,
            -64.0
        ]
    }
}