{
    "baseline": 61.5,
    "10": {
        "-10": [
            -0.5,
            -2.5,
            -61.5,
            -61.5,
            -61.5,
            -61.5,
            -61.5,
            -61.5,
            -61.5,
            -61.5,
            -61.5,
            -61.5,
            -61.5,
            -61.5,
            -61.5,
            -61.5
        ],
        "-8": [
            -0.5,
            -9.5,
            -45.5,
            -61.5,
            -61.5,
            -61.5,
            -61.5,
            -61.5,
            -61.5,
            -61.5,
            -61.5,
            -61.5,
            -61.5,
            -61.5,
            -61.5,
            -61.5
        ],
        "-6": [
            0.5,
            -6.499999999999993,
            -21.5,
            -61.5,
            -61.5,
            -61.5,
            -61.5,
            -61.0,
            -61.5,
            -61.5,
            -61.5,
            -61.5,
            -61.5,
            -61.5,
            -61.5,
            -61.5
        ],
        "-4": [
            0.5,
            -1.0,
            -11.5,
            -61.5,
            -61.5,
            -61.0,
            -61.5,
            -38.0,
            -61.5,
            -61.5,
            -61.5,
            -61.5,
            -61.5,
            -61.5,
            -61.5,
            -61.5
        ],
        "-2": [
            0.0,
            0.0,
            -0.5,
            -11.5,
            -11.5,
            -12.0,
            -14.5,
            -6.999999999999993,
            -5.000000000000007,
            -3.500000000000007,
            -4.000000000000007,
            9.5,
            0.0,
            -1.5,
            -2.0,
            -9.5
        ],
        "0": [
            0.0,
            0.0,
            0.0,
            0.0,
            0.0,
            0.0,
            0.0,
            0.0,
            0.0,
            0.0,
            0.0,
            0.0,
            0.0,
            0.0,
            0.0,
            0.0
        ],
        "2": [
            0.5,
            -1.0,
            -5.499999999999993,
            0.5,
            -23.5,
            -61.5,
            0.0,
            -5.499999999999993,
            -5.000000000000007,
            -4.000000000000007,
            -9.0,
            -9.0,
            -34.5,
            -61.5,
            -61.5,
            -11.5
        ],
        "4": [
            -1.0,
            -2.0,
            -12.0,
            -3.500000000000007,
            -59.5,
            -61.5,
            -61.5,
            -61.5,
            -59.0,
            -61.5,
            -61.5,
            -61.5,
            -61.5,
            -61.5,
            -61.5,
            -61.5
        ],
        "6": [
            1.5,
            -0.5,
            -61.0,
            -61.5,
            -61.5,
            -58.5,
            -61.5,
            -61.5,
            -61.0,
            -61.5,
            -61.5,
            -61.5,
            -61.5,
            -61.5,
            -61.5,
            -61.5
        ],
        "8": [
            -0.5,
            -9.5,
            -61.5,
            -61.5,
            -61.5,
            -61.5,
            -61.5,
            -61.5,
            -61.5,
            -61.5,
            -61.5,
            -61.5,
            -61.5,
            -61.5,
            -61.5,
            -61.5
        ],
        "10": [
            -1.5,
            -11.5,
            -61.5,
            -61.5,
            -61.5,
            -61.5,
            -61.5,
            -61.5,
            -61.5,
            -61.5,
            -61.5,
            -61.5,
            -61.5,
            -61.5,
            -61.5,
            -61.5
        ]
    }
}