{
    "baseline": 58.5,
    "2": {
        "-10": [
            0.0,
            0.0,
            0.0,
            0.0,
            -0.5000000000000071,
            -15.5,
            -56.5,
            -58.5,
            -58.5,
            -58.5,
            -58.5,
            -58.5,
            -58.5,
            -58.5,
            -58.5,
            -58.5
        ],
        "-8": [
            0.0,
            0.0,
            -0.5000000000000071,
            0.0,
            -0.5000000000000071,
            -23.0,
            -42.5,
            -58.5,
            -58.5,
            -56.5,
            -58.5,
            -58.5,
            -58.5,
            -58.5,
            -58.5,
            -58.5
        ],
        "-6": [
            0.5,
            0.0,
            0.0,
            0.0,
            0.0,
            -25.5,
            -53.5,
            -57.0,
            -33.0,
            -49.0,
            -58.5,
            -58.5,
            -58.5,
            -58.5,
            -56.5,
            -58.5
        ],
        "-4": [
            0.0,
            -0.5000000000000071,
            0.0,
            0.0,
            -0.5000000000000071,
            -12.5,
            -56.0,
            -55.0,
            -11.5,
            -7.0,
            -47.0,
            -45.0,
            -50.0,
            -58.5,
            -8.5,
            -47.0
        ],
        "-2": [
            0.0,
            0.0,
            0.0,
            0.0,
            -0.5000000000000071,
            -6.0,
            -38.5,
            -55.0,
            -9.0,
            -2.999999999999993,
            -2.999999999999993,
            -3.999999999999993,
            -1.500000000000007,
            -1.500000000000007,
            0.5,
            0.0
        ],
        "0": [
            0.0,
            0.0,
            0.0,
            0.0,
            0.0,
            0.0,
            0.0,
            0.0,
            0.0,
            0.0,
            0.0,
            0.0,
            0.0,
            0.0,
            0.0,
            0.0
        ],
        "2": [
            0.0,
            0.0,
            0.0,
            0.0,
            0.5,
            4.5,
            18.0,
            29.0,
            8.0,
            -18.0,
            5.0,
            0.0,
            -8.5,
            0.0,
            0.5,
            -1.000000000000007
        ],
        "4": [
            0.0,
            0.0,
            0.0,
            0.0,
            1.0,
            13.0,
            28.0,
            13.0,
            -18.0,
            -57.5,
            -19.5,
            -58.5,
            -43.5,
            -56.0,
            -58.5,
            -57.5
        ],
        "6": [
            0.0,
            0.0,
            0.0,
            0.0,
            1.5,
            24.0,
            32.5,
            10.0,
            -35.5,
            -58.5,
            -49.0,
            -58.5,
            -58.5,
            -58.5,
            -58.5,
            -58.5
        ],
        "8": [
            -0.5000000000000071,
            0.0,
            0.0,
            0.0,
            2.5,
            34.5,
            33.5,
            7.0,
            -58.5,
            -58.5,
            -21.0,
            -58.5,
            -58.5,
            -58.5,
            -58.5,
            -58.5
        ],
        "10": [
            0.0,
            0.0,
            0.0,
            -0.5000000000000071,
            1.5,
            38.0,
            29.5,
            -30.999999999999996,
            -58.5,
            -58.5,
            -55.0,
            -58.5,
            -58.5,
            -58.5,
            -58.5,
            -58.5
        ]
    },
    "4": {
        "-10": [
            0.0,
            0.0,
            -0.5000000000000071,
            0.0,
            0.5,
            -16.5,
            -57.0,
            -58.5,
            -58.5,
            -58.5,
            -58.5,
            -58.5,
            -58.5,
            -58.5,
            -58.5,
            -58.5
        ],
        "-8": [
            0.0,
            0.0,
            -0.5000000000000071,
            0.0,
            0.0,
            -26.5,
            -43.0,
            -58.5,
            -58.0,
            -57.0,
            -58.5,
            -58.5,
            -58.5,
            -58.5,
            -58.5,
            -58.5
        ],
        "-6": [
            0.0,
            0.0,
            -0.5000000000000071,
            0.0,
            -0.5000000000000071,
            -24.5,
            -54.5,
            -57.5,
            -23.0,
            -48.5,
            -58.5,
            -58.5,
            -58.5,
            -58.5,
            -43.0,
            -58.5
        ],
        "-4": [
            0.0,
            -0.5000000000000071,
            0.0,
            0.0,
            -0.5000000000000071,
            -13.0,
            -55.5,
            -57.5,
            -7.5,
            -5.0,
            -41.5,
            -40.5,
            -42.5,
            -58.5,
            -4.5,
            -23.0
        ],
        "-2": [
            0.0,
            0.0,
            0.0,
            0.0,
            -0.5000000000000071,
            -5.0,
            -37.5,
            -55.0,
            -9.5,
            -2.999999999999993,
            -2.000000000000007,
            -4.5,
            -2.000000000000007,
            -0.5000000000000071,
            0.5,
            0.0
        ],
        "0": [
            0.0,
            0.0,
            0.0,
            0.0,
            0.0,
            0.0,
            0.0,
            0.0,
            0.0,
            0.0,
            0.0,
            0.0,
            0.0,
            0.0,
            0.0,
            0.0
        ],
        "2": [
            0.0,
            0.0,
            0.0,
            0.0,
            0.5,
            5.0,
            18.0,
            30.5,
            7.0,
            -13.5,
            5.0,
            0.0,
            -5.0,
            0.0,
            1.0,
            -1.500000000000007
        ],
        "4": [
            0.0,
            0.0,
            0.0,
            -0.5000000000000071,
            1.0,
            14.0,
            29.5,
            16.5,
            -17.0,
            -57.5,
            -2.499999999999993,
            -58.5,
            -20.5,
            -38.0,
            -52.0,
            -14.5
        ],
        "6": [
            0.0,
            0.0,
            0.0,
            -0.5000000000000071,
            1.0,
            25.0,
            33.5,
            15.5,
            -34.5,
            -58.5,
            -31.5,
            -58.5,
            -58.5,
            -58.5,
            -58.5,
            -58.5
        ],
        "8": [
            0.0,
            0.0,
            0.5,
            -0.5000000000000071,
            2.0,
            35.5,
            34.0,
            7.5,
            -58.0,
            -58.5,
            -13.0,
            -58.5,
            -58.5,
            -58.5,
            -58.5,
            -58.5
        ],
        "10": [
            0.0,
            0.0,
            0.0,
            -1.000000000000007,
            2.5,
            38.0,
            31.0,
            -30.000000000000004,
            -58.5,
            -58.5,
            -29.0,
            -58.5,
            -58.5,
            -58.5,
            -58.5,
            -58.5
        ]
    },
    "6": {
        "-10": [
            0.0,
            0.0,
            -0.5000000000000071,
            0.0,
            -0.5000000000000071,
            -15.5,
            -56.0,
            -58.5,
            -58.5,
            -58.5,
            -58.5,
            -58.5,
            -58.5,
            -58.5,
            -58.5,
            -58.5
        ],