{
    "baseline": 58.5,
    "2": {
        "-10": [
            -57.5
        ],
        "-8": [
            -57.0
        ],
        "-6": [
            -57.0
        ],
        "-4": [
            -51.5
        ],
        "-2": [
            -26.5
        ],
        "0": [
            0.0
        ],
        "2": [
            10.0
        ],
        "4": [
            3.0
        ],
        "6": [
            -3.499999999999993
        ],
        "8": [
            -6.0
        ],
        "10": [
            -18.5
        ]
    },
    "4": {
        "-10": [
            -57.5
        ],
        "-8": [
            -57.0
        ],
        "-6": [
            -56.5
        ],
        "-4": [
            -51.5
        ],
        "-2": [
            -27.0
        ],
        "0": [
            0.0
        ],
        "2": [
            9.0
        ],
        "4": [
            2.0
        ],
        "6": [
            -3.499999999999993
        ],
        "8": [
            -6.5
        ],
        "10": [
            -18.5
        ]
    },
    "6": {
        "-10": [
            -57.5
        ],
        "-8": [
            -57.0
        ],
        "-6": [
            -56.5
        ],
        "-4": [
            -52.5
        ],
        "-2": [
            -28.5
        ],
        "0": [
            0.0
        ],
        "2": [
            9.0
        ],
        "4": [
            0.0
        ],
        "6": [
            -3.999999999999993
        ],
        "8": [
            -8.0
        ],
        "10": [
            -19.0
        ]
    },
    "8": {
        "-10": [
            -57.5
        ],
        "-8": [
            -57.0
        ],
        "-6": [
            -56.5
        ],
        "-4": [
            -52.5
        ],
        "-2": [
            -27.5
        ],
        "0": [
            0.0
        ],
        "2": [
            9.0
        ],
        "4": [
            0.0
        ],
        "6": [
            -3.999999999999993
        ],
        "8": [
            -7.5
        ],
        "10": [
            -19.0
        ]
    },
    "10": {
        "-10": [
            -58.0
        ],
        "-8": [
            -57.0
        ],
        "-6": [
            -56.5
        ],
        "-4": [
            -52.5
        ],
        "-2": [
            -28.0
        ],
        "0": [
            0.0
        ],
        "2": [
            9.5
        ],
        "4": [
            0.0
        ],
        "6": [
            -3.999999999999993
        ],
        "8": [
            -8.0
        ],
        "10": [
            -19.0
        ]
    }
}