{
    "baseline": 75.5,
    "2": {
        "-10": [
            -0.5,
            -0.5,
            -0.5,
            -2.5,
            -3.0,
            -22.5,
            -5.0,
            -25.5,
            -17.0,
            1.5,
            3.0,
            -73.5,
            6.5,
            -30.0,
            1.0,
            0.0
        ],
        "-8": [
            -1.0,
            -0.5,
            -1.0,
            -1.5,
            -1.5,
            -17.500000000000007,
            -7.5,
            -25.0,
            -20.999999999999993,
            -4.5,
            -1.0,
            -27.0,
            4.5,
            -1.0,
            -0.5,
            0.5
        ],
        "-6": [
            -0.5,
            -0.5,
            -1.0,
            -0.5,
            -1.5,
            -11.0,
            -8.5,
            -23.0,
            -19.000000000000007,
            -6.5,
            -2.5,
            2.0,
            1.5,
            -1.5,
            0.0,
            1.0
        ],
        "-4": [
            -1.0,
            -1.0,
            -0.5,
            -1.5,
            -1.0,
            -6.0,
            -6.5,
            -16.0,
            -16.5,
            -6.5,
            -2.5,
            -0.5,
            0.5,
            -2.5,
            -0.5,
            0.5
        ],
        "-2": [
            -0.5,
            0.0,
            -1.0,
            -1.0,
            0.0,
            -2.5,
            -5.0,
            -9.5,
            -8.0,
            -2.5,
            -1.0,
            -2.0,
            -0.5,
            -2.5,
            0.0,
            0.0
        ],
        "0": [
            0.0,
            0.0,
            0.0,
            0.0,
            0.0,
            0.0,
            0.0,
            0.0,
            0.0,
            0.0,
            0.0,
            0.0,
            0.0,
            0.0,
            0.0,
            0.0
        ],
        "2": [
            0.0,
            -0.5,
            -0.5,
            -0.5,
            0.0,
            -0.5,
            3.0,
            9.0,
            3.5,
            1.5,
            1.0,
            1.5,
            1.5,
            1.0,
            0.0,
            0.0
        ],
        "4": [
            -1.0,
            -1.0,
            -0.5,
            -0.5,
            -0.5,
            -0.5,
            7.0,
            10.0,
            6.0,
            2.0,
            3.5,
            5.5,
            4.0,
            2.0,
            0.0,
            0.5
        ],
        "6": [
            -2.0,
            -0.5,
            0.0,
            0.5,
            -1.5,
            -2.0,
            13.0,
            -17.500000000000007,
            6.5,
            4.0,
            5.0,
            9.5,
            6.0,
            2.5,
            -1.0,
            -0.5
        ],
        "8": [
            0.0,
            -1.0,
            -0.5,
            0.0,
            -1.0,
            -4.0,
            17.5,
            -25.5,
            6.0,
            4.5,
            5.5,
            7.5,
            6.5,
            1.0,
            -3.0,
            0.0
        ],
        "10": [
            -1.0,
            -1.0,
            0.0,
            0.5,
            -0.5,
            -2.5,
            20.0,
            -25.5,
            2.5,
            5.0,
            6.0,
            3.5,
            -6.5,
            1.0,
            -6.5,
            -0.5
        ]
    },
    "4": {
        "-10": [
            0.5,
            -1.0,
            0.0,
            -1.0,
            -2.5,
            -19.499999999999993,
            -6.5,
            -25.5,
            -19.999999999999993,
            -0.5,
            1.5,
            -72.5,
            5.5,
            -9.0,
            0.5,
            1.5
        ],
        "-8": [
            -0.5,
            -0.5,
            -1.5,
            -2.0,
            -1.5,
            -15.5,
            -8.0,
            -24.0,
            -20.999999999999993,
            -5.0,
            -2.5,
            -4.0,
            2.5,
            -1.0,
            -0.5,
            1.0
        ],
        "-6": [
            -0.5,
            0.5,
            -1.0,
            -1.5,
            -1.5,
            -8.5,
            -8.0,
            -22.0,
            -17.500000000000007,
            -6.5,
            -2.5,
            1.5,
            1.5,
            -2.5,
            -0.5,
            1.0
        ],
        "-4": [
            0.0,
            -0.5,
            -0.5,
            -1.5,
            -1.5,
            -5.5,
            -6.5,
            -15.5,
            -15.5,
            -6.0,
            -2.5,
            -1.5,
            -0.5,
            -2.5,
            -0.5,
            1.0
        ],
        "-2": [
            -0.5,
            0.0,
            -0.5,
            -0.5,
            -0.5,
            -2.5,
            -5.5,
            -8.5,
            -7.5,
            -2.5,
            -2.0,
            -2.0,
            -1.0,
            -2.5,
            0.0,
            1.0
        ],
        "0": [
            0.0,
            0.0,
            0.0,
            0.0,
            0.0,
            0.0,
            0.0,
            0.0,
            0.0,
            0.0,
            0.0,
            0.0,
            0.0,
            0.0,
            0.0,
            0.0
        ],
        "2": [
            -0.5,
            -0.5,
            -1.0,
            -0.5,
            -0.5,
            0.0,
            2.5,
            6.5,
            4.0,
            1.5,
            1.5,
            1.5,
            1.0,
            1.5,
            0.0,
            -0.5
        ],
        "4": [
            0.0,
            -0.5,
            -1.5,
            0.0,
            -1.0,
            -0.5,
            6.5,
            11.0,
            6.0,
            2.5,
            3.0,
            5.5,
            4.0,
            3.0,
            0.5,
            -0.5
        ],
        "6": [
            -1.0,
            -0.5,
            0.0,
            0.5,
            -1.0,
            -2.5,
            13.0,
            -7.5,
            8.0,
            5.0,
            5.5,
            8.5,
            6.0,
            2.5,
            0.0,
            -1.5
        ],
        "8": [
            -0.5,
            -1.5,
            0.0,
            0.0,
            -1.0,
            -5.0,
            17.0,
            -25.0,
            5.5,
            5.5,
            6.5,
            8.5,
            7.5,
            2.5,
            -2.0,
            -2.0
        ],
        "10": [
            -1.0,
            -0.5,
            1.0,
            0.0,
            -0.5,
            -4.0,
            20.0,
            -25.5,
            3.5,
            5.0,
            8.0,
            5.5,
            7.5,
            2.5,
            -3.0,
            -2.0
        ]
    },
    "6": {
        "-10": [
            0.0,
            0.0,
            -1.5,
            -1.5,
            -2.0,
            -19.000000000000007,
            -7.5,
            -25.5,
            -20.499999999999993,
            -1.0,
            -0.5,
            -70.5,
            4.0,
            -18.000000000000007,
            0.5,
            1.0
        ],
        "-8": [
            -0.5,
            0.0,
            -0.5,
            -1.5,
            -1.5,
            -13.0,
            -9.5,
            -24.0,
            -20.499999999999993,
            -5.5,
            -2.5,
            -1.0,
            2.0,
            -2.0,
            -0.5,
            1.0
        ],
        "-6": [
            0.0,
            0.0,
            -0.5,
            -1.0,
            -1.5,
            -9.0,
            -9.0,
            -21.5,
            -17.0,
            -6.5,
            -2.5,
            1.5,
            1.0,
            -2.5,
            0.0,
            1.5
        ],