{
    "baseline": 61.5,
    "2": {
        "-10": [
            0.0,
            0.0,
            0.5,
            0.5,
            1.5,
            -3.0,
            -5.999999999999993,
            -5.000000000000007,
            -61.5,
            -10.0,
            -8.0,
            -36.0,
            -9.0,
            -6.999999999999993,
            0.5,
            -3.500000000000007
        ],
        "-8": [
            0.0,
            1.5,
            0.0,
            0.0,
            1.0,
            -0.5,
            -4.000000000000007,
            -3.0,
            -9.5,
            -8.0,
            -6.999999999999993,
            -3.500000000000007,
            -4.500000000000007,
            -5.499999999999993,
            0.0,
            -1.0
        ],
        "-6": [
            0.0,
            1.0,
            0.0,
            0.0,
            0.5,
            0.0,
            -5.000000000000007,
            -2.0,
            -2.0,
            -5.999999999999993,
            -5.000000000000007,
            -2.0,
            -1.5,
            -1.0,
            0.5,
            -0.5
        ],
        "-4": [
            -0.5,
            0.5,
            0.5,
            0.0,
            1.0,
            -1.0,
            -4.500000000000007,
            -0.5,
            0.5,
            -2.0,
            0.0,
            0.5,
            0.5,
            0.5,
            0.0,
            0.0
        ],
        "-2": [
            1.0,
            1.0,
            1.0,
            1.0,
            0.0,
            1.5,
            -1.5,
            -1.0,
            0.0,
            0.5,
            1.0,
            1.5,
            0.0,
            0.0,
            0.0,
            0.0
        ],
        "0": [
            0.0,
            0.0,
            0.0,
            0.0,
            0.0,
            0.0,
            0.0,
            0.0,
            0.0,
            0.0,
            0.0,
            0.0,
            0.0,
            0.0,
            0.0,
            0.0
        ],
        "2": [
            0.0,
            0.5,
            0.0,
            0.5,
            0.0,
            -0.5,
            2.0,
            -0.5,
            0.0,
            -0.5,
            0.0,
            -1.5,
            -0.5,
            -1.0,
            -0.5,
            -1.0
        ],
        "4": [
            0.0,
            0.5,
            0.0,
            -0.5,
            0.0,
            0.5,
            3.5,
            0.5,
            -1.0,
            -2.5,
            -3.500000000000007,
            -2.0,
            -2.5,
            -0.5,
            0.0,
            -1.0
        ],
        "6": [
            0.0,
            1.0,
            -0.5,
            0.5,
            -0.5,
            2.0,
            3.5,
            0.0,
            -3.500000000000007,
            -1.5,
            -1.5,
            -2.0,
            -2.5,
            -2.0,
            -1.0,
            1.5
        ],
        "8": [
            0.5,
            -0.5,
            -0.5,
            0.0,
            0.0,
            1.0,
            6.0,
            -1.5,
            -2.5,
            -2.5,
            -4.000000000000007,
            -3.500000000000007,
            -2.0,
            -3.0,
            -1.5,
            0.0
        ],
        "10": [
            -0.5,
            -1.5,
            -0.5,
            0.5,
            1.5,
            2.0,
            5.5,
            -0.5,
            -2.0,
            -0.5,
            -1.0,
            -2.5,
            -3.0,
            -2.5,
            -3.500000000000007,
            0.5
        ]
    },
    "4": {
        "-10": [
            -0.5,
            0.0,
            0.5,
            -0.5,
            1.0,
            -4.000000000000007,
            -5.999999999999993,
            -5.499999999999993,
            -61.5,
            -9.5,
            -8.5,
            -43.0,
            -7.5,
            -5.499999999999993,
            0.0,
            -3.0
        ],
        "-8": [
            -1.5,
            0.5,
            0.5,
            0.0,
            0.5,
            -0.5,
            -4.500000000000007,
            -4.000000000000007,
            -25.0,
            -6.999999999999993,
            -6.499999999999993,
            -4.500000000000007,
            -4.500000000000007,
            -5.000000000000007,
            0.0,
            -2.0
        ],
        "-6": [
            1.0,
            0.5,
            0.5,
            -1.0,
            1.0,
            -0.5,
            -5.499999999999993,
            -2.0,
            0.0,
            -5.499999999999993,
            -3.500000000000007,
            -2.0,
            -2.0,
            0.0,
            1.0,
            0.0
        ],
        "-4": [
            0.5,
            -0.5,
            1.0,
            0.0,
            0.5,
            0.0,
            -3.0,
            -1.5,
            1.0,
            -1.0,
            0.5,
            0.0,
            0.0,
            0.0,
            0.5,
            0.5
        ],
        "-2": [
            0.5,
            -0.5,
            0.0,
            0.0,
            -0.5,
            0.0,
            -1.0,
            0.0,
            0.0,
            0.5,
            0.0,
            1.0,
            0.0,
            0.0,
            0.0,
            0.0
        ],
        "0": [
            0.0,
            0.0,
            0.0,
            0.0,
            0.0,
            0.0,
            0.0,
            0.0,
            0.0,
            0.0,
            0.0,
            0.0,
            0.0,
            0.0,
            0.0,
            0.0
        ],
        "2": [
            0.0,
            -0.5,
            0.5,
            0.0,
            0.5,
            0.0,
            2.5,
            0.5,
            0.0,
            0.0,
            0.0,
            -0.5,
            0.5,
            0.0,
            0.0,
            0.0
        ],
        "4": [
            0.5,
            0.0,
            0.0,
            0.5,
            0.5,
            1.0,
            4.0,
            0.0,
            0.5,
            -2.0,
            -2.5,
            -3.0,
            -3.0,
            -2.0,
            -0.5,
            -1.0
        ],
        "6": [
            -1.0,
            -0.5,
            0.0,
            1.0,
            0.5,
            0.5,
            6.0,
            -2.0,
            -3.500000000000007,
            -1.5,
            -2.0,
            -1.5,
            -3.0,
            -2.0,
            -0.5,
            0.5
        ],
        "8": [
            -0.5,
            0.0,
            0.0,
            0.5,
            1.0,
            2.0,
            5.5,
            0.0,
            -2.0,
            -2.5,
            -4.000000000000007,
            -3.500000000000007,
            -1.0,
            -2.5,
            -1.0,
            0.0
        ],
        "10": [
            -0.5,
            0.5,
            0.5,
            0.0,
            1.5,
            2.0,
            4.5,
            -1.0,
            -1.5,
            -2.5,
            -1.5,
            -3.0,
            -3.0,
            -2.0,
            -1.5,
            0.5
        ]
    },
    "6": {
        "-10": [
            0.0,
            0.0,
            1.0,
            1.0,
            1.5,
            -4.000000000000007,
            -6.999999999999993,
            -5.999999999999993,
            -61.5,
            -9.0,
            -7.5,
            -52.5,
            -14.5,
            -5.999999999999993,
            0.0,
            -3.0
        ],