{
    "baseline": 93.0,
    "2": {
        "-10": [
            0.0,
            0.0,
            0.0,
            0.0,
            -2.0,
            -43.5,
            -92.0,
            -85.5,
            -76.0,
            -93.0,
            -93.0,
            -93.0,
            -93.0,
            -93.0,
            -93.0,
            -93.0
        ],
        "-8": [
            0.0,
            0.0,
            0.0,
            0.0,
            -2.0,
            -37.49999999999999,
            -89.0,
            -88.5,
            -93.0,
            -93.0,
            -93.0,
            -93.0,
            -93.0,
            -93.0,
            -93.0,
            -93.0
        ],
        "-6": [
            0.0,
            0.0,
            0.0,
            0.0,
            -2.0,
            -14.0,
            -86.0,
            -92.5,
            -93.0,
            -93.0,
            -93.0,
            -93.0,
            -93.0,
            -93.0,
            -93.0,
            -93.0
        ],
        "-4": [
            0.0,
            0.0,
            0.0,
            0.0,
            -1.5,
            -5.0,
            -83.5,
            -93.0,
            -54.0,
            -91.5,
            -93.0,
            -93.0,
            -93.0,
            -93.0,
            -93.0,
            -93.0
        ],
        "-2": [
            0.0,
            0.0,
            0.0,
            0.0,
            -0.5,
            0.5,
            -22.5,
            -92.0,
            -2.0,
            -6.5,
            -2.5,
            -12.0,
            -37.49999999999999,
            -91.0,
            0.0,
            -80.0
        ],
        "0": [
            0.0,
            0.0,
            0.0,
            0.0,
            0.0,
            0.0,
            0.0,
            0.0,
            0.0,
            0.0,
            0.0,
            0.0,
            0.0,
            0.0,
            0.0,
            0.0
        ],
        "2": [
            0.0,
            0.0,
            0.0,
            0.0,
            0.0,
            1.0,
            6.0,
            6.0,
            1.5,
            -39.0,
            -26.5,
            -81.5,
            -87.0,
            -79.5,
            -86.0,
            -54.0
        ],
        "4": [
            0.0,
            0.0,
            0.0,
            0.0,
            0.0,
            4.5,
            6.0,
            5.5,
            -14.0,
            -93.0,
            -92.5,
            -93.0,
            -93.0,
            -93.0,
            -93.0,
            -93.0
        ],
        "6": [
            0.0,
            0.0,
            0.0,
            0.0,
            0.0,
            5.5,
            5.5,
            -25.0,
            -81.0,
            -93.0,
            -88.0,
            -93.0,
            -93.0,
            -93.0,
            -93.0,
            -93.0
        ],
        "8": [
            0.0,
            0.0,
            0.0,
            0.0,
            0.0,
            6.0,
            5.5,
            -67.0,
            -89.5,
            -93.0,
            -93.0,
            -93.0,
            -93.0,
            -93.0,
            -93.0,
            -93.0
        ],
        "10": [
            0.0,
            -1.0,
            0.0,
            0.5,
            0.5,
            -7.5,
            4.5,
            -91.0,
            -93.0,
            -93.0,
            -93.0,
            -93.0,
            -93.0,
            -93.0,
            -93.0,
            -93.0
        ]
    },
    "4": {
        "-10": [
            0.0,
            0.0,
            0.0,
            0.0,
            -2.0,
            -48.5,
            -93.0,
            -90.0,
            -87.5,
            -93.0,
            -93.0,
            -93.0,
            -93.0,
            -93.0,
            -93.0,
            -93.0
        ],
        "-8": [
            0.0,
            0.0,
            0.0,
            0.0,
            -2.5,
            -39.0,
            -90.0,
            -89.0,
            -93.0,
            -93.0,
            -93.0,
            -93.0,
            -93.0,
            -93.0,
            -93.0,
            -93.0
        ],
        "-6": [
            0.0,
            0.0,
            0.0,
            0.0,
            -2.0,
            -13.0,
            -86.0,
            -93.0,
            -93.0,
            -93.0,
            -93.0,
            -93.0,
            -93.0,
            -93.0,
            -93.0,
            -93.0
        ],
        "-4": [
            0.0,
            0.0,
            0.0,
            0.0,
            -1.5,
            -5.5,
            -85.5,
            -93.0,
            -54.0,
            -91.5,
            -93.0,
            -93.0,
            -93.0,
            -93.0,
            -93.0,
            -93.0
        ],
        "-2": [
            0.0,
            0.0,
            0.0,
            0.0,
            -1.0,
            0.5,
            -24.0,
            -92.5,
            -1.5,
            -5.0,
            -2.5,
            -7.0,
            -32.5,
            -87.0,
            0.0,
            -71.0
        ],
        "0": [
            0.0,
            0.0,
            0.0,
            0.0,
            0.0,
            0.0,
            0.0,
            0.0,
            0.0,
            0.0,
            0.0,
            0.0,
            0.0,
            0.0,
            0.0,
            0.0
        ],
        "2": [
            0.0,
            0.0,
            0.0,
            0.0,
            0.0,
            1.0,
            6.0,
            6.0,
            1.5,
            -32.0,
            -18.5,
            -75.5,
            -88.0,
            -70.5,
            -86.5,
            -45.0
        ],
        "4": [
            0.0,
            0.0,
            0.0,
            0.0,
            0.0,
            4.0,
            6.0,
            5.0,
            -13.0,
            -93.0,
            -92.5,
            -93.0,
            -93.0,
            -93.0,
            -93.0,
            -93.0
        ],
        "6": [
            0.0,
            0.0,
            0.0,
            0.0,
            0.0,
            6.0,
            5.5,
            -19.5,
            -78.0,
            -93.0,
            -86.0,
            -93.0,
            -93.0,
            -93.0,
            -93.0,
            -93.0
        ],
        "8": [
            0.0,
            0.0,
            0.0,
            0.0,
            1.0,
            6.0,
            5.5,
            -72.5,
            -87.5,
            -93.0,
            -93.0,
            -93.0,
            -93.0,
            -93.0,
            -93.0,
            -93.0
        ],
        "10": [
            0.0,
            0.0,
            0.0,
            0.0,
            1.0,
            -16.5,
            5.0,
            -87.5,
            -93.0,
            -93.0,
            -93.0,
            -93.0,
            -93.0,
            -93.0,
            -93.0,
            -93.0
        ]
    },
    "6": {
        "-10": [
            0.0,
            0.0,
            0.0,
            0.0,
            -2.0,
            -45.0,
            -93.0,
            -88.5,
            -83.5,
            -93.0,
            -93.0,
            -93.0,
            -93.0,
            -93.0,
            -93.0,
            -93.0
        ],
        "-8": [
            0.0,
            0.0,
            0.0,
            0.0,
            -2.5,
            -38.49999999999999,
            -90.5,
            -86.5,
            -93.0,
            -93.0,
            -93.0,
            -93.0,
            -93.0,
            -93.0,
            -93.0,
            -93.0
        ],