{
    "baseline": 83.5,
    "10": {
        "-10": [
            -1.0,
            -32.5,
            -83.5,
            -83.5,
            -83.5,
            -83.5,
            -83.5,
            -83.5,
            -83.5,
            -83.5,
            -83.5,
            -83.5,
            -83.5,
            -83.5,
            -83.5,
            -83.5
        ],
        "-8": [
            -0.5,
            -30.5,
            -83.5,
            -83.5,
            -83.5,
            -83.5,
            -83.5,
            -83.5,
            -83.5,
            -83.5,
            -83.5,
            -83.5,
            -83.5,
            -83.5,
            -83.5,
            -83.5
        ],
        "-6": [
            0.5,
            -25.0,
            -17.0,
            -83.5,
            -83.5,
            -83.5,
            -83.5,
            -83.5,
            -83.5,
            -83.5,
            -83.5,
            -83.5,
            -83.5,
            -83.5,
            -83.5,
            -83.5
        ],
        "-4": [
            1.0,
            -15.5,
            -79.5,
            -66.0,
            -10.5,
            -48.0,
            -60.5,
            -83.5,
            -83.5,
            -83.5,
            -83.5,
            -83.5,
            -83.5,
            -83.5,
            -83.5,
            -11.0
        ],
        "-2": [
            0.5,
            -1.5,
            -10.5,
            -27.499999999999993,
            -26.000000000000007,
            -31.0,
            -30.0,
            6.0,
            10.5,
            -10.5,
            -1.5,
            0.5,
            -11.5,
            1.0,
            -5.5,
            0.0
        ],
        "0": [
            0.0,
            0.0,
            0.0,
            0.0,
            0.0,
            0.0,
            0.0,
            0.0,
            0.0,
            0.0,
            0.0,
            0.0,
            0.0,
            0.0,
            0.0,
            0.0
        ],
        "2": [
            1.0,
            3.5,
            -0.5,
            1.5,
            -24.0,
            -27.999999999999993,
            -15.5,
            5.5,
            -11.5,
            11.0,
            12.0,
            12.5,
            9.0,
            7.5,
            7.5,
            2.0
        ],
        "4": [
            1.0,
            1.5,
            -8.5,
            -13.0,
            -81.0,
            -82.5,
            -83.5,
            13.0,
            -37.0,
            -83.5,
            -83.5,
            -34.0,
            -75.5,
            12.5,
            12.5,
            -83.5
        ],
        "6": [
            0.5,
            -3.5,
            -12.0,
            -83.5,
            -83.5,
            -83.5,
            -83.5,
            -83.5,
            -83.5,
            -83.5,
            -83.5,
            -83.5,
            -83.5,
            -83.5,
            -83.5,
            -83.5
        ],
        "8": [
            0.0,
            -17.0,
            -83.5,
            -83.5,
            -83.5,
            -83.5,
            -83.5,
            -83.5,
            -83.0,
            -83.5,
            -83.5,
            -83.5,
            -83.5,
            -83.5,
            -83.5,
            -83.5
        ],
        "10": [
            -1.5,
            -15.0,
            -83.5,
            -83.5,
            -83.5,
            -83.5,
            -83.5,
            -83.5,
            -83.5,
            -83.5,
            -83.5,
            -83.5,
            -83.5,
            -83.5,
            -83.5,
            -83.5
        ]
    }
}